"location_id","first.doy","last.doy","drop.none","drop.early","drop.50","drop.all","color.none","color.early","color.50","color.all","site_species_id","administrative_area_level_1","locality","longitude","latitude","year","PPT","TMEAN","TMIN01","TMAX07","FortCollins"
51,124,124,NA,NA,NA,NA,NA,NA,NA,NA,1600,"AK","Wasilla",-149.465,61.5817,2008,NA,NA,NA,NA,"no"
151,112,138,NA,NA,NA,NA,NA,NA,NA,NA,1309,"MN","Duluth",-92.1,46.8,2008,780.511901855469,4.5499997138977,-15.8100996017456,24.0293998718262,"no"
213,80,109,NA,NA,NA,NA,NA,NA,NA,NA,4185,"CO","Erie",-105.062,40.0362,2010,379.138000488281,10.2699995040894,-8.74170017242432,32.0223999023438,"no"
213,80,109,NA,NA,NA,NA,NA,NA,NA,NA,4185,"CO","Erie",-105.062,40.0362,2011,379.138000488281,10.2699995040894,-8.74170017242432,32.0223999023438,"no"
213,80,109,NA,NA,NA,NA,NA,NA,NA,NA,4185,"CO","Erie",-105.062,40.0362,2015,379.138000488281,10.2699995040894,-8.74170017242432,32.0223999023438,"no"
213,80,109,NA,NA,NA,NA,NA,NA,NA,NA,4185,"CO","Erie",-105.062,40.0362,2016,379.138000488281,10.2699995040894,-8.74170017242432,32.0223999023438,"no"
228,94,94,NA,NA,NA,NA,NA,NA,NA,NA,33010,"NM","Cimarron",-105.098,36.7961,2008,480.246002197266,6.42999982833862,-11.2712001800537,25.9555988311768,"no"
466,87,297,NA,NA,297,NA,NA,NA,291,NA,3174,"MT","Missoula",-114,46.8667,2009,380.634979248047,7.61999988555908,-7.25,29.5464000701904,"no"
466,87,297,NA,NA,297,NA,NA,NA,291,NA,3174,"MT","Missoula",-114,46.8667,2010,380.634979248047,7.61999988555908,-7.25,29.5464000701904,"no"
857,73,75,NA,NA,NA,NA,NA,NA,NA,NA,13274,"CO","Longmont",-105.077,40.1992,2015,372.401000976562,10.0599994659424,-9.10760021209717,31.9729995727539,"no"
1167,124,139,NA,NA,NA,NA,NA,NA,NA,NA,1960,"CO","Green Mountain Falls",-105.013,38.9309,2008,558.455993652344,6.00999975204468,-11.8800992965698,26.279899597168,"no"
1174,84,87,NA,NA,NA,NA,NA,NA,NA,NA,617,"MI","Calumet Twp",-88.442,47.2734,2008,826.488952636719,5.00999975204468,-12.3379993438721,23.710599899292,"no"
1177,92,119,NA,NA,NA,NA,NA,NA,NA,NA,1904,"MN","Duluth",-92.0961,46.8157,2008,803.135009765625,4.17999982833862,-16.5397987365723,24.0909996032715,"no"
1207,140,140,NA,NA,NA,NA,NA,NA,NA,NA,2437,"WY","Cheyenne",-104.74,41.1372,2008,389.177001953125,8.05000019073486,-8.41459941864014,28.9998989105225,"no"
1247,92,312,NA,NA,291,NA,NA,NA,282,NA,2119,"NE","Lincoln",-96.7915,40.7903,2008,779.320007324219,10.7898998260498,-9.72849941253662,30.8618984222412,"no"
1247,92,312,NA,NA,291,NA,NA,NA,282,NA,2119,"NE","Lincoln",-96.7915,40.7903,2009,779.320007324219,10.7898998260498,-9.72849941253662,30.8618984222412,"no"
1247,92,312,NA,NA,291,NA,NA,NA,282,NA,2119,"NE","Lincoln",-96.7915,40.7903,2010,779.320007324219,10.7898998260498,-9.72849941253662,30.8618984222412,"no"
1247,92,312,NA,NA,291,NA,NA,NA,282,NA,2119,"NE","Lincoln",-96.7915,40.7903,2011,779.320007324219,10.7898998260498,-9.72849941253662,30.8618984222412,"no"
1247,92,312,NA,NA,291,NA,NA,NA,282,NA,2119,"NE","Lincoln",-96.7915,40.7903,2012,779.320007324219,10.7898998260498,-9.72849941253662,30.8618984222412,"no"
1247,92,312,NA,NA,291,NA,NA,NA,282,NA,2119,"NE","Lincoln",-96.7915,40.7903,2013,779.320007324219,10.7898998260498,-9.72849941253662,30.8618984222412,"no"
1247,92,312,NA,NA,291,NA,NA,NA,282,NA,2119,"NE","Lincoln",-96.7915,40.7903,2014,779.320007324219,10.7898998260498,-9.72849941253662,30.8618984222412,"no"
1247,92,312,NA,NA,291,NA,NA,NA,282,NA,2119,"NE","Lincoln",-96.7915,40.7903,2015,779.320007324219,10.7898998260498,-9.72849941253662,30.8618984222412,"no"
1247,92,312,NA,NA,291,NA,NA,NA,282,NA,2119,"NE","Lincoln",-96.7915,40.7903,2016,779.320007324219,10.7898998260498,-9.72849941253662,30.8618984222412,"no"
1247,92,312,NA,NA,291,NA,NA,NA,282,NA,2119,"NE","Lincoln",-96.7915,40.7903,2017,779.320007324219,10.7898998260498,-9.72849941253662,30.8618984222412,"no"
1247,92,312,NA,NA,291,NA,NA,NA,282,NA,2119,"NE","Lincoln",-96.7915,40.7903,2018,779.320007324219,10.7898998260498,-9.72849941253662,30.8618984222412,"no"
1247,92,312,NA,NA,291,NA,NA,NA,282,NA,2119,"NE","Lincoln",-96.7915,40.7903,2019,779.320007324219,10.7898998260498,-9.72849941253662,30.8618984222412,"no"
1247,92,312,NA,NA,291,NA,NA,NA,282,NA,2119,"NE","Lincoln",-96.7915,40.7903,2020,779.320007324219,10.7898998260498,-9.72849941253662,30.8618984222412,"no"
1247,92,312,NA,NA,291,NA,NA,NA,282,NA,2119,"NE","Lincoln",-96.7915,40.7903,2021,779.320007324219,10.7898998260498,-9.72849941253662,30.8618984222412,"no"
1247,92,312,NA,NA,291,NA,NA,NA,282,NA,2119,"NE","Lincoln",-96.7915,40.7903,2022,779.320007324219,10.7898998260498,-9.72849941253662,30.8618984222412,"no"
1247,92,312,NA,NA,291,NA,NA,NA,282,NA,2119,"NE","Lincoln",-96.7915,40.7903,2023,779.320007324219,10.7898998260498,-9.72849941253662,30.8618984222412,"no"
1247,92,312,NA,NA,291,NA,NA,NA,282,NA,2119,"NE","Lincoln",-96.7915,40.7903,2024,779.320007324219,10.7898998260498,-9.72849941253662,30.8618984222412,"no"
1276,71,71,NA,NA,NA,NA,NA,NA,NA,NA,796,"OR","Bend",-121.209,44.0917,2008,246.125,8.46000003814697,-4.32100009918213,28.7964992523193,"no"
1366,91,91,NA,NA,NA,NA,NA,NA,NA,NA,2384,"CO","Boulder",-105.164,40.0594,2009,418.072998046875,10.4299993515015,-7.71809959411621,31.622200012207,"no"
1387,130,139,NA,NA,NA,NA,NA,NA,NA,NA,1761,"WI","",-90.7222,46.9258,2008,817.904968261719,5.02999973297119,-13.5241994857788,24.8221988677979,"no"
1472,154,154,NA,NA,NA,NA,NA,NA,NA,NA,2038,"WY","Jackson",-110.809,43.492,2008,468.727996826172,3.65999984741211,-14.3090991973877,26.7819995880127,"no"
1573,147,147,NA,NA,NA,NA,NA,NA,NA,NA,2001,"CO","Bellvue",-105.731,40.7118,2008,367.040985107422,4.90999984741211,-10.1050996780396,25.5384998321533,"no"
1608,111,118,NA,NA,NA,NA,NA,NA,NA,NA,1619,"CO","Walsenburg",-104.779,37.624,2008,424.936981201172,10.8400001525879,-6.94949960708618,30.9190998077393,"no"
1886,123,123,NA,NA,NA,NA,NA,NA,NA,NA,2214,"NV","Reno",-119.782,39.5495,2008,198.509994506836,11.1700000762939,-4.85260009765625,32.8197975158691,"no"
1946,114,126,NA,NA,NA,NA,NA,NA,NA,NA,3072,"CO","Montezuma",-105.782,39.55,2009,620.369995117188,0.589999973773956,-14.2468996047974,18.978199005127,"no"
2003,88,112,NA,NA,NA,NA,NA,NA,NA,NA,2322,"NJ","Howell Township",-74.219,40.1778,2008,1257.34497070312,12.0599994659424,-4.68680000305176,29.506799697876,"no"
2074,84,100,NA,NA,NA,NA,NA,NA,NA,NA,33011,"MI","Allendale Charter Twp",-85.9311,42.9752,2009,988.912963867188,8.9399995803833,-7.84959983825684,27.3134994506836,"no"
2354,59,130,NA,NA,NA,NA,NA,NA,NA,NA,4157,"CO","Erie",-105.016,40.066,2010,378.285003662109,10.1899995803833,-8.87720012664795,31.9874992370605,"no"
2354,59,130,NA,NA,NA,NA,NA,NA,NA,NA,4157,"CO","Erie",-105.016,40.066,2012,378.285003662109,10.1899995803833,-8.87720012664795,31.9874992370605,"no"
2354,59,130,NA,NA,NA,NA,NA,NA,NA,NA,4157,"CO","Erie",-105.016,40.066,2013,378.285003662109,10.1899995803833,-8.87720012664795,31.9874992370605,"no"
2384,78,78,NA,NA,NA,NA,NA,NA,NA,NA,2494,"UT","North Logan",-111.813,41.772,2009,460.880981445312,8.47999954223633,-9.40709972381592,31.6634998321533,"no"
2453,109,130,NA,NA,NA,NA,NA,NA,NA,NA,3437,"MT","Arlee",-114.07,47.08,2009,509.343994140625,6.27999973297119,-8.23880004882812,27.5079002380371,"no"
2459,107,114,NA,NA,NA,NA,NA,NA,NA,NA,2791,"ME","Dixfield",-70.4546,44.5513,2009,1205.05102539062,6.75,-13.0078001022339,26.3416996002197,"no"
2481,90,96,NA,NA,NA,NA,NA,NA,NA,NA,2599,"MT","Billings",-108.504,45.7827,2009,375.736999511719,8.9399995803833,-9.76449966430664,31.6083984375,"no"
2487,81,81,NA,NA,NA,NA,NA,NA,NA,NA,2602,"MT","Helena",-112.058,46.5475,2009,465.310974121094,5.46999979019165,-9.48950004577637,26.8902988433838,"no"
2578,110,139,NA,NA,NA,NA,NA,NA,NA,NA,3340,"CO","Matheson",-104,39,2009,411.084991455078,8.67000007629395,-9.6363000869751,29.5683994293213,"no"
2578,110,139,NA,NA,NA,NA,NA,NA,NA,NA,3499,"CO","Matheson",-104,39,2009,411.084991455078,8.67000007629395,-9.6363000869751,29.5683994293213,"no"
2578,110,139,NA,NA,NA,NA,NA,NA,NA,NA,3507,"CO","Matheson",-104,39,2009,411.084991455078,8.67000007629395,-9.6363000869751,29.5683994293213,"no"
2578,110,139,NA,NA,NA,NA,NA,NA,NA,NA,3524,"CO","Matheson",-104,39,2009,411.084991455078,8.67000007629395,-9.6363000869751,29.5683994293213,"no"
2581,119,132,NA,NA,NA,NA,NA,NA,132,NA,3514,"CO","Matheson",-104,39,2009,411.084991455078,8.67000007629395,-9.6363000869751,29.5683994293213,"no"
2582,119,126,NA,NA,NA,NA,NA,NA,126,NA,3483,"CO","Matheson",-104,39,2009,411.084991455078,8.67000007629395,-9.6363000869751,29.5683994293213,"no"
2657,121,142,NA,NA,NA,NA,NA,NA,NA,NA,3520,"CO","Denver",-104.962,39.677,2009,431.024993896484,10.8000001907349,-7.0499997138977,31.6117992401123,"no"
2658,133,140,NA,NA,NA,NA,NA,NA,140,NA,3531,"CO","Denver",-104.962,39.677,2009,431.024993896484,10.8000001907349,-7.0499997138977,31.6117992401123,"no"
2861,124,128,NA,NA,NA,NA,NA,NA,NA,NA,3504,"CO","Elizabeth",-104.57,39.4,2009,494.461975097656,8.82999992370605,-8.44829940795898,29.4056987762451,"no"
3059,114,114,NA,NA,NA,NA,NA,NA,NA,NA,3068,"MT","Condon",-113.71,47.5277,2009,545.617980957031,6.01989984512329,-9.01690006256104,27.9856986999512,"no"
3087,82,135,NA,NA,NA,NA,NA,NA,NA,NA,3426,"CO","Steamboat Springs",-106.823,40.4856,2009,624.539978027344,4.84999990463257,-15.0604000091553,28.2229995727539,"no"
3087,82,135,NA,NA,NA,NA,NA,NA,NA,NA,3426,"CO","Steamboat Springs",-106.823,40.4856,2011,624.539978027344,4.84999990463257,-15.0604000091553,28.2229995727539,"no"
3087,82,135,NA,NA,NA,NA,NA,NA,NA,NA,3426,"CO","Steamboat Springs",-106.823,40.4856,2012,624.539978027344,4.84999990463257,-15.0604000091553,28.2229995727539,"no"
3087,82,135,NA,NA,NA,NA,NA,NA,NA,NA,3426,"CO","Steamboat Springs",-106.823,40.4856,2013,624.539978027344,4.84999990463257,-15.0604000091553,28.2229995727539,"no"
3087,82,135,NA,NA,NA,NA,NA,NA,NA,NA,3426,"CO","Steamboat Springs",-106.823,40.4856,2016,624.539978027344,4.84999990463257,-15.0604000091553,28.2229995727539,"no"
3148,125,125,NA,NA,NA,NA,NA,NA,NA,NA,3305,"MN","Pillager",-94.4631,46.4025,2009,708.049011230469,4.92999982833862,-18.0648002624512,26.1012001037598,"no"
3233,133,133,NA,NA,NA,NA,NA,NA,133,NA,3502,"CO","Basalt",-106.57,39.4,2009,913.203002929688,-1.02999997138977,-15.9769992828369,17.9312992095947,"no"
3238,135,135,NA,NA,NA,NA,NA,NA,NA,NA,3508,"CO","Denver",-104.97,39.69,2009,422.923004150391,10.8299999237061,-7.11609983444214,31.7243995666504,"no"
3243,103,117,NA,NA,NA,NA,NA,NA,NA,NA,3526,"CO","Elizabeth",-104.57,39.4,2009,494.461975097656,8.82999992370605,-8.44829940795898,29.4056987762451,"no"
3250,109,127,NA,NA,NA,NA,NA,NA,113,NA,3537,"CO","Denver",-104.98,39.6736,2009,421.182983398438,10.9299993515015,-7.00269985198975,31.7705993652344,"no"
3260,148,148,NA,NA,NA,NA,NA,NA,NA,NA,3581,"CO","Pine",-105.395,39.4866,2009,507.505981445312,5.5,-10.1581993103027,25.1504001617432,"no"
3261,148,148,NA,NA,NA,NA,NA,NA,NA,NA,3582,"CO","Pine",-105.395,39.4866,2009,507.505981445312,5.5,-10.1581993103027,25.1504001617432,"no"
3262,148,148,NA,NA,NA,NA,NA,NA,NA,NA,3583,"CO","Idaho Springs",-105.657,39.81,2009,718.285888671875,2.3899998664856,-11.9265995025635,21.2922992706299,"no"
3283,1,1,NA,NA,1,NA,NA,NA,NA,NA,3874,"CO","Broomfield",-105,40,2009,378.989990234375,10.4200000762939,-7.96959972381592,31.8027992248535,"no"
3366,257,257,NA,NA,NA,NA,NA,NA,257,NA,3799,"CO","Estes Park",-105.587,40.3237,2009,568.079956054688,4.71999979019165,-9.2209997177124,24.4609985351562,"no"
3390,285,305,NA,NA,305,NA,NA,NA,285,NA,3834,"MN","Randall",-94.4525,46.0824,2009,722.555969238281,5.75,-17.2642002105713,27.4722995758057,"no"
3422,306,306,NA,NA,306,NA,NA,NA,NA,NA,3852,"MT","Missoula",-113.986,46.8576,2009,420.429992675781,7.37999963760376,-7.57340002059937,29.3599987030029,"no"
3564,90,291,NA,NA,291,NA,NA,NA,NA,NA,4060,"WI","Clayton",-92.1589,45.3174,2010,849.484008789062,5.96999979019165,-15.8553991317749,26.425199508667,"no"
3564,90,291,NA,NA,291,NA,NA,NA,NA,NA,4060,"WI","Clayton",-92.1589,45.3174,2011,849.484008789062,5.96999979019165,-15.8553991317749,26.425199508667,"no"
3598,120,136,NA,NA,NA,NA,NA,NA,NA,NA,4345,"MI","Curtis",-85.757,46.206,2010,862.27294921875,5.42000007629395,-12.7662000656128,25.264799118042,"no"
3598,120,136,NA,NA,NA,NA,NA,NA,NA,NA,4345,"MI","Curtis",-85.757,46.206,2012,862.27294921875,5.42000007629395,-12.7662000656128,25.264799118042,"no"
3775,91,97,NA,NA,NA,NA,NA,NA,NA,NA,4142,"GA","Athens",-83.4453,33.9915,2010,1294.85498046875,16.5299987792969,0.254900008440018,32.1731986999512,"no"
3784,122,122,NA,NA,NA,NA,NA,NA,NA,NA,4995,"ME","Dixfield",-70.4515,44.5489,2011,1209.73400878906,6.6399998664856,-13.1377992630005,26.2591991424561,"no"
3811,67,312,NA,NA,300,NA,NA,NA,271,NA,4772,"CO","Berthoud",-105.084,40.3075,2011,381.929992675781,9.80999946594238,-9.05200004577637,31.3812999725342,"no"
3811,67,312,NA,NA,300,NA,NA,NA,271,NA,4772,"CO","Berthoud",-105.084,40.3075,2012,381.929992675781,9.80999946594238,-9.05200004577637,31.3812999725342,"no"
3811,67,312,NA,NA,300,NA,NA,NA,271,NA,4772,"CO","Berthoud",-105.084,40.3075,2013,381.929992675781,9.80999946594238,-9.05200004577637,31.3812999725342,"no"
3811,67,312,NA,NA,300,NA,NA,NA,271,NA,4772,"CO","Berthoud",-105.084,40.3075,2014,381.929992675781,9.80999946594238,-9.05200004577637,31.3812999725342,"no"
3811,67,312,NA,NA,300,NA,NA,NA,271,NA,4772,"CO","Berthoud",-105.084,40.3075,2015,381.929992675781,9.80999946594238,-9.05200004577637,31.3812999725342,"no"
3811,67,312,NA,NA,300,NA,NA,NA,271,NA,4772,"CO","Berthoud",-105.084,40.3075,2016,381.929992675781,9.80999946594238,-9.05200004577637,31.3812999725342,"no"
3826,82,106,NA,NA,NA,NA,NA,NA,NA,NA,4162,"NY","Alfred",-77.7906,42.2542,2010,995.223999023438,7.42999982833862,-10.1343994140625,26.3321990966797,"no"
3827,99,105,NA,NA,NA,NA,NA,NA,NA,NA,4163,"NY","Alfred",-77.7906,42.2542,2010,995.223999023438,7.42999982833862,-10.1343994140625,26.3321990966797,"no"
3945,130,163,NA,NA,NA,NA,NA,NA,NA,NA,4486,"MT","Bozeman",-110.848,45.6193,2010,682.117004394531,4.85999965667725,-10.6814994812012,26.3271999359131,"no"
3945,130,163,NA,NA,NA,NA,NA,NA,NA,NA,4486,"MT","Bozeman",-110.848,45.6193,2011,682.117004394531,4.85999965667725,-10.6814994812012,26.3271999359131,"no"
3956,108,110,NA,NA,NA,NA,NA,NA,NA,NA,4276,"MT","Missoula",-113.938,46.8786,2010,443.442993164062,7.50999975204468,-7.50329971313477,29.4969997406006,"no"
3962,82,106,NA,NA,NA,NA,NA,NA,NA,NA,4289,"NY","Alfred",-77.7906,42.2542,2010,995.223999023438,7.42999982833862,-10.1343994140625,26.3321990966797,"no"
3963,99,105,NA,NA,NA,NA,NA,NA,NA,NA,4290,"NY","Alfred",-77.7906,42.2542,2010,995.223999023438,7.42999982833862,-10.1343994140625,26.3321990966797,"no"
4132,117,290,NA,NA,279,NA,NA,NA,259,NA,4476,"CO","Nederland",-105.397,39.9714,2010,557.468994140625,6.94999980926514,-7.44719982147217,25.8305988311768,"no"
4132,117,290,NA,NA,279,NA,NA,NA,259,NA,4476,"CO","Nederland",-105.397,39.9714,2011,557.468994140625,6.94999980926514,-7.44719982147217,25.8305988311768,"no"
4132,117,290,NA,NA,279,NA,NA,NA,259,NA,4476,"CO","Nederland",-105.397,39.9714,2012,557.468994140625,6.94999980926514,-7.44719982147217,25.8305988311768,"no"
4741,106,109,NA,NA,NA,NA,NA,NA,NA,NA,4953,"WI","Clayton",-92.159,45.3172,2011,849.484008789062,5.96999979019165,-15.8553991317749,26.425199508667,"no"
4782,261,261,NA,NA,NA,NA,NA,NA,NA,NA,5239,"CO","Fort Collins",-105.115,40.5398,2011,431.640991210938,9.34999942779541,-9.03240013122559,30.4542999267578,"yes"
4873,131,131,NA,NA,NA,NA,NA,NA,NA,NA,5062,"CA","Mammoth Lakes",-118.72,37.5511,2011,243.084991455078,7.21999979019165,-8.85900020599365,27.4104995727539,"no"
5049,254,254,NA,NA,NA,NA,NA,254,NA,NA,5202,"CO","Grand Lake",-106,40,2011,548.862976074219,3.6399998664856,-12.9265995025635,23.5373992919922,"no"
5087,257,257,NA,NA,NA,NA,NA,257,NA,NA,5206,"CO","Berthoud",-105.081,40.3083,2011,381.929992675781,9.80999946594238,-9.05200004577637,31.3812999725342,"no"
5093,260,260,NA,NA,NA,NA,NA,260,NA,NA,5210,"CO","Erie",-105.062,40.0364,2011,379.138000488281,10.2699995040894,-8.74170017242432,32.0223999023438,"no"
5115,260,260,NA,NA,NA,NA,NA,260,NA,NA,5231,"CO","Berthoud",-105.085,40.3042,2011,381.929992675781,9.80999946594238,-9.05200004577637,31.3812999725342,"no"
5214,265,265,NA,NA,NA,NA,NA,265,NA,NA,5283,"CO","Loveland",-105.072,40.3489,2011,391.427001953125,9.64999961853027,-9.03769969940186,31.009298324585,"no"
5275,267,267,NA,NA,NA,NA,NA,NA,267,NA,5319,"CO","Jefferson",-105.757,39.4133,2011,466.834991455078,2.22000002861023,-13.585000038147,21.9127998352051,"no"
5307,269,269,NA,NA,NA,NA,NA,269,269,NA,5344,"CO","Estes Park",-105.522,40.3772,2011,458.065979003906,6.58999967575073,-7.8831000328064,26.5522994995117,"no"
5311,269,269,NA,NA,NA,NA,NA,NA,NA,269,5347,"CO","Allenspark",-105.531,40.2339,2011,616.494995117188,4.83999967575073,-9.01620006561279,24.4540996551514,"no"
5340,271,271,NA,NA,NA,NA,NA,271,NA,NA,5360,"CO","Boulder",-105.246,40.016,2011,470.555999755859,10.5199995040894,-7.57760000228882,31.6414985656738,"no"
5396,275,275,NA,NA,NA,NA,NA,NA,NA,275,5381,"CO","Ward",-105.571,40.0783,2011,923.269958496094,1.28999996185303,-12.5558996200562,19.8708992004395,"no"
5397,275,275,NA,NA,NA,NA,NA,NA,NA,275,5382,"CO","Nederland",-105.535,40.0807,2011,647.279968261719,2.22000002861023,-11.6595993041992,20.9715995788574,"no"
5398,275,275,NA,NA,NA,NA,NA,NA,275,NA,5383,"CO","Ward",-105.508,40.0722,2011,520.907958984375,3.62999987602234,-10.1998996734619,22.4890995025635,"no"
5399,275,275,NA,NA,NA,NA,NA,NA,275,NA,5384,"CO","Jamestown",-105.389,40.1155,2011,542.117004394531,8.2898998260498,-6.19490003585815,27.5592994689941,"no"
5400,275,275,NA,NA,NA,NA,NA,275,NA,NA,5385,"CO","Longmont",-105.28,40.1371,2011,495.35498046875,10.3000001907349,-6.82620000839233,30.8411998748779,"no"
5401,275,275,NA,NA,NA,NA,NA,NA,NA,NA,5386,"CO","Erie",-105.026,40.071,2011,374.14599609375,10.1300001144409,-9.1363000869751,32.0545997619629,"no"
5423,283,283,NA,NA,NA,NA,NA,283,NA,NA,5406,"NH","Sunapee",-72.082,43.3862,2011,1163.94592285156,7.1399998664856,-11.7698993682861,26.5142002105713,"no"
5506,288,288,NA,NA,NA,NA,NA,NA,288,NA,5473,"CO","Berthoud",-105.085,40.3083,2011,381.929992675781,9.80999946594238,-9.05200004577637,31.3812999725342,"no"
5532,295,295,NA,NA,NA,NA,NA,NA,NA,295,5505,"CO","Loveland",-105.289,40.3679,2011,475.829986572266,8.65999984741211,-6.33640003204346,28.0907001495361,"no"
5974,74,74,NA,NA,NA,NA,NA,NA,NA,NA,5673,"CO","Fort Collins",-105.115,40.5255,2012,431.716003417969,9.35999965667725,-9.05340003967285,30.5034999847412,"yes"
6115,76,76,NA,NA,NA,NA,NA,NA,NA,NA,5806,"UT","Salt Lake City",-111.849,40.7632,2012,504.953979492188,11.6099996566772,-5.08150005340576,33.0368995666504,"no"
6197,100,100,NA,NA,NA,NA,NA,NA,NA,NA,6009,"CO","Glenwood Springs",-107.334,39.5484,2012,467.910980224609,8.88999938964844,-10.502200126648,31.9177989959717,"no"
6236,96,96,NA,NA,NA,NA,NA,NA,NA,NA,5900,"CO","Buena Vista",-106.13,38.84,2012,261.755889892578,6.07999992370605,-12.6771993637085,27.2216987609863,"no"
6284,101,124,NA,NA,NA,NA,NA,NA,NA,NA,5942,"ME","Clinton",-69.6325,44.6856,2012,1132.70300292969,7.0499997138977,-13.3315000534058,26.511999130249,"no"
6392,104,104,NA,NA,NA,NA,NA,NA,NA,NA,6043,"CO","Lyons",-105.509,40.1878,2012,568.477905273438,5.48000001907349,-8.52400016784668,25.1638984680176,"no"
6489,60,89,NA,NA,NA,NA,NA,NA,NA,NA,6150,"CO","Broomfield",-105.027,39.9447,2012,377.724975585938,10.5398998260498,-7.71630001068115,31.8341999053955,"no"
6612,126,126,NA,NA,NA,NA,NA,NA,NA,NA,6265,"WY","Devils Tower",-104.711,44.594,2012,468.917999267578,7.00999975204468,-11.9470996856689,29.4420986175537,"no"
6618,128,128,NA,NA,NA,NA,NA,NA,NA,NA,6270,"WI","Necedah",-90.187,44.1339,2012,883.670959472656,7.19999980926514,-14.1861991882324,27.7255001068115,"no"
6785,260,260,NA,NA,NA,NA,NA,NA,260,NA,6683,"CO","Estes Park",-105.429,40.3484,2012,523.930969238281,5.03999996185303,-9.00650024414062,24.3156986236572,"no"
6786,169,169,NA,NA,NA,NA,NA,NA,NA,NA,6438,"CO","Estes Park",-105.653,40.4117,2012,695.578857421875,3.68999981880188,-10.9987993240356,23.7884998321533,"no"
6826,265,265,NA,NA,NA,NA,NA,265,NA,NA,6754,"CO","Erie",-105.066,40.0362,2012,381.127990722656,10.3299999237061,-8.46430015563965,31.9333992004395,"no"
7014,249,249,NA,NA,NA,NA,NA,249,NA,NA,6650,"CO","Boulder",-105.254,39.9673,2012,516.591003417969,10.5398998260498,-6.3996000289917,30.9298000335693,"no"
7050,270,270,NA,NA,NA,NA,NA,270,NA,NA,6763,"CO","Broomfield",-105.058,39.9058,2012,382.552978515625,10.6198997497559,-7.47229957580566,31.8230991363525,"no"
7052,254,254,NA,NA,NA,NA,NA,254,NA,NA,6674,"CO","Estes Park",-105.636,40.4109,2012,658.099975585938,4.08999967575073,-10.6588001251221,24.3692989349365,"no"
7055,258,258,NA,NA,NA,NA,NA,NA,258,NA,6676,"CO","Estes Park",-105.674,40.3901,2012,891.567993164062,0.649999976158142,-13.399899482727,19.4174995422363,"no"
7129,259,259,NA,NA,NA,NA,NA,NA,259,NA,6746,"CO","Bellvue",-105.827,40.6124,2012,437.466003417969,2.3199999332428,-13.2037000656128,22.7643985748291,"no"
7146,267,267,NA,NA,NA,NA,NA,NA,NA,267,6761,"CO","Dillon",-105.71,39.6026,2012,676.883972167969,0.119999997317791,-14.5696992874146,18.2490997314453,"no"
7156,273,273,NA,NA,273,NA,NA,NA,NA,NA,6768,"CO","Ward",-105.511,40.0782,2012,520.907958984375,3.62999987602234,-10.1998996734619,22.4890995025635,"no"
7180,278,278,NA,NA,NA,NA,NA,NA,NA,278,6797,"CO","Estes Park",-105.519,40.3829,2012,454.389984130859,6.51989984512329,-7.89549970626831,26.4576988220215,"no"
7239,293,293,NA,NA,NA,NA,NA,NA,NA,293,6872,"CO","Golden",-105.194,39.7367,2012,478.042999267578,9.92999935150146,-7.29499959945679,30.521900177002,"no"
7243,294,294,NA,NA,NA,NA,NA,NA,294,NA,6875,"WA","Sequim",-123.084,48.1137,2012,444.230987548828,9.84999942779541,1.93819999694824,19.9911994934082,"no"
7564,118,118,NA,NA,NA,NA,NA,NA,NA,NA,7146,"WA","Shelton",-122.961,47.2739,2012,1577.43798828125,10.7399997711182,1.60369992256165,24.6285991668701,"no"
7599,126,140,NA,NA,NA,NA,NA,NA,NA,NA,8379,"WI","",-88.0167,43.4352,2013,880.690002441406,7.78999996185303,-11.0078001022339,26.9498996734619,"no"
7631,79,93,NA,NA,NA,NA,NA,NA,NA,NA,7632,"CO","Denver",-104.962,39.7319,2013,411.151000976562,10.7299995422363,-7.22370004653931,31.6659984588623,"no"
7675,72,318,NA,NA,318,NA,NA,NA,297,NA,7615,"MA","Newton",-71.249,42.3555,2013,1215.97595214844,10.2599992752075,-7.41639995574951,28.7332000732422,"no"
7675,72,318,NA,NA,318,NA,NA,NA,297,NA,7615,"MA","Newton",-71.249,42.3555,2014,1215.97595214844,10.2599992752075,-7.41639995574951,28.7332000732422,"no"
7675,72,318,NA,NA,318,NA,NA,NA,297,NA,7615,"MA","Newton",-71.249,42.3555,2015,1215.97595214844,10.2599992752075,-7.41639995574951,28.7332000732422,"no"
7675,72,318,NA,NA,318,NA,NA,NA,297,NA,7615,"MA","Newton",-71.249,42.3555,2016,1215.97595214844,10.2599992752075,-7.41639995574951,28.7332000732422,"no"
7912,97,112,NA,NA,NA,NA,NA,NA,NA,NA,7805,"CO","Evergreen",-105.405,39.7149,2013,509.405975341797,6.53999996185303,-8.57129955291748,25.7993984222412,"no"
7912,97,112,NA,NA,NA,NA,NA,NA,NA,NA,7805,"CO","Evergreen",-105.405,39.7149,2014,509.405975341797,6.53999996185303,-8.57129955291748,25.7993984222412,"no"
8134,98,98,NA,NA,NA,NA,NA,NA,NA,NA,7486,"CO","Fort Collins",-105.125,40.5641,2013,434.972991943359,9.34000015258789,-9.07320022583008,30.4625988006592,"yes"
8288,94,153,NA,NA,NA,NA,NA,NA,NA,NA,7618,"CO","Estes Park",-105.428,40.3488,2013,523.930969238281,5.03999996185303,-9.00650024414062,24.3156986236572,"no"
8288,94,153,NA,NA,NA,NA,NA,NA,NA,NA,7618,"CO","Estes Park",-105.428,40.3488,2014,523.930969238281,5.03999996185303,-9.00650024414062,24.3156986236572,"no"
8288,94,153,NA,NA,NA,NA,NA,NA,NA,NA,7618,"CO","Estes Park",-105.428,40.3488,2015,523.930969238281,5.03999996185303,-9.00650024414062,24.3156986236572,"no"
8375,113,113,NA,NA,NA,NA,NA,NA,NA,NA,7714,"CO","Aspen",-106.79,39.1622,2013,655.135009765625,4.65999984741211,-14.24049949646,26.0476989746094,"no"
8377,109,109,NA,NA,NA,NA,NA,NA,NA,NA,7710,"CO","Basalt",-106.943,39.3766,2013,465.492980957031,6.15999984741211,-13.0583992004395,28.407299041748,"no"
8382,113,113,NA,NA,NA,NA,NA,NA,NA,NA,7717,"CO","Aspen",-106.789,39.162,2013,655.135009765625,4.65999984741211,-14.24049949646,26.0476989746094,"no"
8389,74,317,NA,NA,285,NA,NA,NA,265,NA,9603,"CO","Denver",-104.961,39.7319,2013,411.151000976562,10.7299995422363,-7.22370004653931,31.6659984588623,"no"
8389,74,317,NA,NA,285,NA,NA,NA,265,NA,9603,"CO","Denver",-104.961,39.7319,2014,411.151000976562,10.7299995422363,-7.22370004653931,31.6659984588623,"no"
8389,74,317,NA,NA,285,NA,NA,NA,265,NA,9603,"CO","Denver",-104.961,39.7319,2015,411.151000976562,10.7299995422363,-7.22370004653931,31.6659984588623,"no"
8389,74,317,NA,NA,285,NA,NA,NA,265,NA,9603,"CO","Denver",-104.961,39.7319,2016,411.151000976562,10.7299995422363,-7.22370004653931,31.6659984588623,"no"
8389,74,317,NA,NA,285,NA,NA,NA,265,NA,8293,"CO","Denver",-104.961,39.7319,2013,411.151000976562,10.7299995422363,-7.22370004653931,31.6659984588623,"no"
8519,72,148,NA,NA,NA,NA,NA,NA,NA,NA,12934,"CO","Evergreen",-105.362,39.661,2014,508.446990966797,6.66999959945679,-8.87659931182861,26.3080997467041,"no"
8592,139,144,NA,NA,NA,NA,NA,NA,NA,NA,8185,"CO","Woody Creek",-106.86,39.2893,2013,565.1259765625,5.2999997138977,-12.9475994110107,26.4804992675781,"no"
8728,128,128,NA,NA,NA,NA,NA,NA,NA,NA,8054,"CO","Louisville",-105.155,39.9788,2013,443.436981201172,10.5900001525879,-6.55359983444214,31.122200012207,"no"
8757,110,110,NA,NA,NA,NA,NA,NA,NA,NA,8075,"CO","Longmont",-105.144,40.0956,2013,411.057983398438,10.4200000762939,-7.60379981994629,31.5380001068115,"no"
8758,110,110,NA,NA,NA,NA,NA,NA,NA,NA,8077,"CO","Longmont",-105.147,40.0902,2013,412.197998046875,10.4299993515015,-7.5383996963501,31.509298324585,"no"
8802,134,134,NA,NA,NA,NA,NA,NA,NA,NA,8135,"CO","Boulder",-105.246,40.0161,2013,470.555999755859,10.5199995040894,-7.57760000228882,31.6414985656738,"no"
8803,134,134,NA,NA,NA,NA,NA,NA,NA,NA,8136,"CO","Boulder",-105.246,40.016,2013,470.555999755859,10.5199995040894,-7.57760000228882,31.6414985656738,"no"
8969,151,160,NA,NA,NA,NA,NA,NA,NA,NA,8342,"CO","Aspen",-106.867,39.1597,2013,684.738952636719,2.57999992370605,-13.6258993148804,22.0904998779297,"no"
8974,155,155,NA,NA,NA,NA,NA,NA,NA,NA,8351,"CO","Erie",-105.062,40.0363,2013,379.138000488281,10.2699995040894,-8.74170017242432,32.0223999023438,"no"
8976,155,155,NA,NA,NA,NA,NA,NA,NA,NA,8356,"CO","Boulder",-105.245,40.0159,2013,467.072998046875,10.5,-7.71719980239868,31.6875991821289,"no"
9044,102,170,NA,NA,NA,NA,NA,NA,NA,NA,8435,"CO","Allenspark",-105.529,40.233,2013,614.596984863281,4.92000007629395,-8.94260025024414,24.5352001190186,"no"
9044,102,170,NA,NA,NA,NA,NA,NA,NA,NA,8435,"CO","Allenspark",-105.529,40.233,2014,614.596984863281,4.92000007629395,-8.94260025024414,24.5352001190186,"no"
9085,170,170,NA,NA,NA,NA,NA,NA,NA,NA,8476,"CO","Estes Park",-105.586,40.4037,2013,584.825012207031,5.25,-9.31040000915527,25.4069995880127,"no"
9529,267,267,NA,NA,NA,NA,NA,267,NA,NA,8855,"CO","Golden",-105.211,39.7262,2013,503.142974853516,9.46999931335449,-7.67840003967285,30.003999710083,"no"
9650,271,271,NA,NA,NA,NA,NA,271,NA,NA,8882,"CO","Golden",-105.211,39.7237,2013,503.142974853516,9.46999931335449,-7.67840003967285,30.003999710083,"no"
9653,271,271,NA,NA,NA,NA,NA,NA,NA,NA,8887,"CO","Lone Tree",-104.898,39.535,2013,467.208984375,9.88000011444092,-7.72319984436035,30.5212001800537,"no"
9680,272,272,NA,NA,NA,NA,NA,NA,272,NA,8905,"CO","Crested Butte",-107.021,38.901,2013,751.093994140625,2.11999988555908,-17.9659004211426,23.4186000823975,"no"
9688,117,300,NA,NA,300,NA,NA,NA,289,NA,11148,"WI","Madison",-89.4225,43.0772,2014,978.992004394531,8.26000022888184,-11.9018001556396,27.8830986022949,"no"
9688,117,300,NA,NA,300,NA,NA,NA,289,NA,11148,"WI","Madison",-89.4225,43.0772,2015,978.992004394531,8.26000022888184,-11.9018001556396,27.8830986022949,"no"
9688,117,300,NA,NA,300,NA,NA,NA,289,NA,11148,"WI","Madison",-89.4225,43.0772,2016,978.992004394531,8.26000022888184,-11.9018001556396,27.8830986022949,"no"
9708,276,276,NA,NA,NA,NA,NA,276,NA,NA,8913,"CO","Dillon",-106.02,39.5851,2013,402.494995117188,2.84999990463257,-13.9649000167847,23.5452995300293,"no"
9877,295,295,NA,NA,295,NA,NA,NA,NA,NA,9013,"CO","Fairplay",-106.041,39.2266,2013,471.350982666016,2.24000000953674,-13.1756000518799,21.8141994476318,"no"
10659,79,79,NA,NA,NA,NA,NA,NA,NA,NA,10058,"CO","Salida",-106.002,38.528,2014,231.01399230957,8.1899995803833,-10.5823001861572,29.5993995666504,"no"
10683,24,24,24,NA,NA,NA,24,NA,NA,NA,9544,"CO","Boulder",-105.245,40.017,2014,467.072998046875,10.5,-7.71719980239868,31.6875991821289,"no"
10778,42,42,42,NA,NA,NA,42,NA,NA,NA,9644,"CO","Avon",-106.52,39.642,2014,500.141998291016,4.48999977111816,-14.8919992446899,26.8362998962402,"no"
10779,42,42,42,NA,NA,NA,42,NA,NA,NA,9657,"CO","Dillon",-106.005,39.5903,2014,371.744995117188,2.84999990463257,-14.3596000671387,23.8641986846924,"no"
10801,45,45,45,NA,NA,NA,45,NA,NA,NA,9683,"CO","Estes Park",-105.614,40.3733,2014,613.094970703125,4.56999969482422,-9.7347993850708,24.4480991363525,"no"
11174,111,118,NA,NA,NA,NA,NA,NA,NA,NA,10804,"CO","Longmont",-104.999,40.1538,2014,346.727996826172,9.82999992370605,-10.0311994552612,32.1591987609863,"no"
11182,117,123,NA,NA,NA,NA,NA,NA,122,NA,11127,"CO","Niwot",-105.153,40.1032,2014,399.037994384766,10.3000001907349,-8.37090015411377,31.8323993682861,"no"
11317,82,112,NA,NA,NA,NA,NA,NA,NA,NA,10129,"CO","Longmont",-105.126,40.1327,2014,373.065887451172,10.0999994277954,-9.35209941864014,32.182300567627,"no"
11353,79,149,NA,NA,NA,NA,NA,NA,NA,NA,10158,"WA","Leavenworth",-120.731,47.5433,2014,898.671997070312,8.85999965667725,-5.16159963607788,29.2445983886719,"no"
11556,93,93,93,NA,NA,NA,93,NA,NA,NA,10303,"WA","Wenatchee",-120.404985,47.393382,2014,511.784973144531,9.34000015258789,-4.7564001083374,28.6099987030029,"no"
11682,99,99,99,NA,NA,NA,99,NA,NA,NA,10386,"CO","Dillon",-106.00526,39.59031,2014,371.744995117188,2.84999990463257,-14.3596000671387,23.8641986846924,"no"
11785,287,287,NA,287,NA,NA,NA,287,NA,NA,14915,"KS","Norton",-100,40,2015,598.739990234375,11.1198997497559,-9.58539962768555,32.9281997680664,"no"
11787,118,125,NA,NA,NA,NA,NA,NA,NA,NA,11180,"CO","Longmont",-105.118,40.1335,2014,372.822998046875,10.0900001525879,-9.36250019073486,32.1446990966797,"no"
12022,109,110,NA,NA,NA,NA,NA,NA,NA,NA,10723,"CO","Superior",-105.14534,39.932538,2014,429.121002197266,10.6198997497559,-6.9951000213623,31.5279998779297,"no"
12096,83,125,125,NA,NA,NA,125,NA,NA,NA,10765,"CO","Longmont",-105.12498,40.13281,2014,373.065887451172,10.0999994277954,-9.35209941864014,32.182300567627,"no"
12304,120,120,120,NA,NA,NA,120,NA,NA,NA,10938,"CO","Laporte",-105.14524,40.63035,2014,406.692993164062,9.26000022888184,-9.13739967346191,30.3268985748291,"no"
12392,123,123,123,NA,NA,NA,123,NA,NA,NA,11013,"CO","Aspen",-106.784878,39.149987,2014,653.014953613281,4.65999984741211,-14.4333000183105,26.1509990692139,"no"
12456,95,95,95,NA,NA,NA,95,NA,NA,NA,11058,"CO","Longmont",-105.16292,40.10033,2014,395.483001708984,10.2399997711182,-8.74619960784912,32.0042991638184,"no"
12487,126,126,126,NA,NA,NA,126,NA,NA,NA,11096,"CO","Basalt",-106.942034,39.377303,2014,465.492980957031,6.15999984741211,-13.0583992004395,28.407299041748,"no"
12527,97,121,NA,NA,NA,NA,NA,NA,NA,NA,11133,"CO","Longmont",-105.18225,40.0742,2014,412.945983886719,10.3698997497559,-8.11880016326904,31.7829990386963,"no"
12551,111,118,118,NA,NA,NA,118,NA,NA,NA,11143,"CO","Longmont",-105.190959,40.101776,2014,392.194976806641,10.3099994659424,-8.4552001953125,31.9232997894287,"no"
13270,270,279,270,279,274,NA,270,274,NA,NA,11859,"KY","Hartford",-86.89857,37.45094,2014,1329.36791992188,14.0199995040894,-3.48510003089905,31.2063999176025,"no"
13431,282,301,NA,282,NA,NA,NA,282,NA,301,11972,"KY","Hartford",-86.89822,37.45307,2014,1329.36791992188,14.0199995040894,-3.48510003089905,31.2063999176025,"no"
14052,291,291,NA,NA,NA,291,291,NA,NA,NA,12455,"CO","Conifer",-105.32056,39.45891,2014,515.848999023438,5.94999980926514,-9.06110000610352,24.9235000610352,"no"
14165,301,301,NA,NA,301,NA,NA,NA,NA,301,12535,"CO","Littleton",-104.94861,39.52546,2014,482.582977294922,9.76000022888184,-7.95429992675781,30.4362983703613,"no"
14194,303,303,NA,NA,NA,303,303,NA,NA,NA,12554,"NY","Cicero",-76.126263,43.191035,2014,1167.85095214844,8.75,-9.30270004272461,27.2895984649658,"no"
14923,28,28,NA,NA,NA,NA,NA,NA,NA,NA,12951,"AZ","Flagstaff",-111.73188,35.15994,2015,566.872009277344,8.06999969482422,-8.70259952545166,27.9716987609863,"no"
14954,49,324,NA,NA,324,NA,NA,NA,300,NA,15401,"OR","Portland",-122.58035,45.54186,2015,1134.07299804688,11.9899997711182,2.00830006599426,27.0139999389648,"no"
14954,49,324,NA,NA,324,NA,NA,NA,300,NA,15401,"OR","Portland",-122.58035,45.54186,2016,1134.07299804688,11.9899997711182,2.00830006599426,27.0139999389648,"no"
14978,99,121,NA,NA,NA,NA,NA,NA,NA,NA,13580,"AZ","Heber-Overgaard",-110.557158,34.393075,2015,418.824981689453,10.1799993515015,-7.1237998008728,29.2852993011475,"no"
15233,102,103,NA,NA,NA,NA,NA,NA,NA,NA,13529,"CO","Aurora",-104.74568,39.59861,2015,464.606994628906,10.1099996566772,-7.55270004272461,30.858699798584,"no"
15492,68,68,68,NA,NA,NA,68,NA,NA,NA,13147,"CO","Colorado Springs",-104.66193,39.08204,2015,527.914001464844,6.66999959945679,-10.3618993759155,26.7417984008789,"no"
15670,39,125,NA,NA,NA,NA,NA,NA,NA,NA,13225,"MT","Bozeman",-111.038418,45.660727,2015,502.067993164062,6.65999984741211,-9.43089962005615,28.2007999420166,"no"
15806,94,94,NA,NA,NA,NA,NA,NA,NA,NA,13352,"NY","Voorheesville",-74.04223,42.657886,2015,1079.49401855469,7.36999988555908,-11.5830001831055,26.3321990966797,"no"
15878,90,293,NA,NA,293,NA,NA,NA,263,NA,15909,"CO","Nederland",-105.39575,39.97175,2015,559.872985839844,6.32999992370605,-7.8585000038147,25.1007995605469,"no"
15882,98,98,98,NA,NA,NA,98,NA,NA,NA,13423,"MI","Interlochen",-85.765951,44.634002,2015,874.815979003906,7.46999979019165,-9.87510013580322,26.953800201416,"no"
15917,96,96,96,NA,NA,NA,96,NA,NA,NA,13447,"MA","Brockton",-71.043777,42.06731,2015,1287.61694335938,10.3000001907349,-7.06710004806519,28.5273990631104,"no"
16368,113,113,113,NA,NA,NA,113,NA,NA,NA,13847,"MT","Bozeman",-110.973887,45.704899,2015,582.287963867188,6.30989980697632,-9.56680011749268,27.8291988372803,"no"
16588,121,121,121,NA,NA,NA,121,NA,NA,NA,14005,"CO","Westcliffe",-105.579215,38.116431,2015,561.2509765625,5.27999973297119,-11.7403001785278,24.7299995422363,"no"
16589,121,121,121,NA,NA,NA,121,NA,NA,NA,14006,"PA","Abington",-75.12535,40.11983,2015,1242.9189453125,12.5,-4.21140003204346,29.8990001678467,"no"
17081,159,159,159,NA,NA,NA,159,NA,NA,NA,14279,"CO","Leadville",-106.28875,39.2515,2015,479.634002685547,1.46999990940094,-14.9759998321533,21.5604000091553,"no"
17198,173,173,173,NA,NA,NA,173,NA,NA,NA,14356,"CO","Lyons",-105.474065,40.340785,2015,507.086975097656,5.09999990463257,-8.79580020904541,24.6323986053467,"no"
17452,212,212,212,NA,NA,NA,212,NA,NA,NA,14495,"CO","Parker",-104.79188,39.53223,2015,437.473999023438,10.1399993896484,-7.60049962997437,30.8903999328613,"no"
17785,257,257,257,NA,NA,NA,NA,257,NA,NA,14711,"WY","Cheyenne",-105,41,2015,397.542999267578,7.48000001907349,-8.58949947357178,28.2127990722656,"no"
18385,308,308,NA,NA,308,308,NA,NA,NA,308,15309,"NY","Saranac",-73.72987,44.66543,2015,979.429992675781,6.75999975204468,-13.485499382019,26.335298538208,"no"
18385,308,308,NA,NA,308,308,NA,NA,NA,308,51974,"NY","Saranac",-73.72987,44.66543,2015,979.429992675781,6.75999975204468,-13.485499382019,26.335298538208,"no"
18539,308,308,NA,NA,NA,308,NA,NA,NA,308,15364,"NY","Morrisonville",-73.56208,44.6931,2015,911.513977050781,7.5,-12.4937000274658,26.8101997375488,"no"
19947,69,69,69,NA,NA,NA,69,NA,NA,NA,16135,"WY","Cody",-109.061279,44.559163,2016,273.684997558594,7.28999996185303,-9.98489952087402,28.529899597168,"no"
20587,106,106,106,NA,NA,NA,106,NA,NA,NA,16727,"CO","",-107.879565,37.928356,2016,550.351013183594,3.65999984741211,-13.4265995025635,23.2418003082275,"no"
20609,97,105,NA,NA,NA,NA,NA,NA,NA,NA,16738,"CO","Longmont",-105.1469,40.10644,2016,387.101898193359,10.1799993515015,-8.98120021820068,32.0365982055664,"no"
21848,220,220,220,NA,NA,NA,220,NA,NA,NA,17808,"CO","Aurora",-104.76462,39.62835,2016,460.149993896484,10.1899995803833,-7.41890001296997,30.9121990203857,"no"
21890,218,218,NA,218,NA,NA,218,NA,NA,NA,17838,"KS","Norton",-100,40,2016,598.739990234375,11.1198997497559,-9.58539962768555,32.9281997680664,"no"
22644,305,305,NA,NA,305,NA,NA,NA,NA,305,33012,"NY","Saranac",-73.71053,44.69236,2016,1005.38195800781,6.73999977111816,-13.4706001281738,26.0216999053955,"no"
23222,17,17,NA,NA,NA,17,17,NA,NA,NA,18838,"CO","Denver",-105.03237,39.7876,2017,406.819000244141,10.8000001907349,-7.23819971084595,31.889799118042,"no"
23486,65,65,65,NA,NA,NA,65,NA,NA,NA,18993,"CO","Denver",-104.94367,39.73293,2017,408.660980224609,10.7898998260498,-7.23679971694946,31.7725982666016,"no"
23544,62,120,120,NA,NA,NA,120,NA,NA,NA,19044,"WI","",-89.50801,46.173358,2017,847.519958496094,4.48000001907349,-16.3206005096436,25.0818996429443,"no"
23544,62,120,120,NA,NA,NA,120,NA,NA,NA,19044,"WI","",-89.50801,46.173358,2018,847.519958496094,4.48000001907349,-16.3206005096436,25.0818996429443,"no"
23710,79,79,79,NA,NA,NA,79,NA,NA,NA,19143,"CO","Denver",-105.0323,39.7876,2017,406.819000244141,10.8000001907349,-7.23819971084595,31.889799118042,"no"
23744,76,76,76,NA,NA,NA,76,NA,NA,NA,19171,"CO","Denver",-104.960579,39.731719,2017,411.151000976562,10.7299995422363,-7.22370004653931,31.6659984588623,"no"
23839,104,104,NA,NA,NA,NA,NA,NA,NA,NA,19795,"SD","Sturgis",-103.559259,44.294975,2017,678.816955566406,6.91999959945679,-9.64690017700195,27.0893993377686,"no"
23884,98,110,NA,NA,NA,NA,NA,NA,NA,NA,19982,"KS","Colby",-101.06352,39.39392,2017,521.398010253906,11.0599994659424,-8.91300010681152,32.6189002990723,"no"
23956,97,97,NA,NA,NA,NA,NA,NA,NA,NA,19335,"NM","Santa Fe",-106.03637,35.62836,2017,310.977996826172,10.9699993133545,-7.07519960403442,31.1394996643066,"no"
24174,100,100,NA,NA,NA,NA,NA,NA,NA,NA,19512,"CO","Colorado Springs",-104.829149,38.773255,2017,464.0009765625,9.80999946594238,-7.94179964065552,29.8871994018555,"no"
24884,118,121,121,NA,NA,NA,121,NA,NA,NA,20281,"CO","Denver",-105.02576,39.78783,2017,405.171997070312,10.7799997329712,-7.24790000915527,31.8470001220703,"no"
25018,122,122,122,NA,NA,NA,122,NA,NA,NA,20410,"MT","Helena",-112.232809,46.586887,2017,442.066986083984,5.62999963760376,-10.076000213623,27.404899597168,"no"
25023,122,122,122,NA,NA,NA,NA,122,NA,NA,20415,"MT","Helena",-112.236049,46.562903,2017,451.587982177734,5.40999984741211,-10.184100151062,27.1267986297607,"no"
25029,89,89,NA,NA,NA,89,89,NA,NA,NA,20420,"MT","Helena",-112.232605,46.586068,2017,442.066986083984,5.62999963760376,-10.076000213623,27.404899597168,"no"
25153,97,121,NA,NA,NA,NA,NA,NA,NA,NA,20539,"MT","Helena",-112.078185,46.60912,2017,330.407989501953,7.19999980926514,-9.5177001953125,29.1539001464844,"no"
27090,269,269,NA,269,NA,NA,NA,NA,269,NA,22126,"CO","Denver",-105.029812,39.78938,2017,406.819000244141,10.8000001907349,-7.23819971084595,31.889799118042,"no"
27416,286,286,NA,NA,286,NA,NA,NA,286,NA,22366,"CO","Grand Junction",-108.5669,39.0423,2017,235.348999023438,11.8199996948242,-7.73909997940063,34.1638984680176,"no"
27425,286,286,NA,286,NA,NA,NA,NA,286,NA,22375,"CO","Grand Junction",-108.601913,39.082639,2017,240.237991333008,11.7199993133545,-8.13850021362305,34.3253974914551,"no"
27426,286,286,NA,NA,NA,286,NA,NA,NA,286,22377,"CO","Gunnison",-107.018042,38.515006,2017,255.111999511719,3.85999989509583,-19.6681003570557,27.1466999053955,"no"
27460,279,279,279,NA,279,279,NA,279,NA,279,22385,"CO","Crested Butte",-107.06502,38.9616,2017,910.576965332031,2.66999983787537,-14.0328998565674,22.2141990661621,"no"
27461,279,289,NA,279,279,279,NA,NA,NA,279,22386,"CO","Crested Butte",-107.06502,38.96916,2017,974.698974609375,2.60999989509583,-13.9252996444702,22.0354995727539,"no"
27531,291,291,NA,NA,NA,291,NA,NA,NA,291,22416,"CO","Lake City",-107.22648645943,37.9855352753702,2017,681.581970214844,1.1298999786377,-14.2814998626709,19.1770992279053,"no"
28235,259,259,NA,259,NA,NA,NA,NA,259,NA,23029,"CO","Franktown",-104.74527,39.33546,2017,490.362976074219,8.7898998260498,-8.65740013122559,29.3547992706299,"no"
28469,16,121,121,NA,NA,16,121,NA,NA,NA,23185,"CO","Denver",-105.032201,39.790523,2018,406.819000244141,10.8000001907349,-7.23819971084595,31.889799118042,"no"
28469,16,121,121,NA,NA,16,121,NA,NA,NA,23306,"CO","Denver",-105.032201,39.790523,2018,406.819000244141,10.8000001907349,-7.23819971084595,31.889799118042,"no"
28469,16,121,121,NA,NA,16,121,NA,NA,NA,23962,"CO","Denver",-105.032201,39.790523,2018,406.819000244141,10.8000001907349,-7.23819971084595,31.889799118042,"no"
28469,16,121,121,NA,NA,16,121,NA,NA,NA,24093,"CO","Denver",-105.032201,39.790523,2018,406.819000244141,10.8000001907349,-7.23819971084595,31.889799118042,"no"
28785,93,322,NA,NA,322,NA,NA,NA,306,NA,23573,"IN","Springville",-86.589532,38.9996579,2018,1235.61193847656,12.2898998260498,-5.75699996948242,29.4521999359131,"no"
28835,92,92,92,NA,NA,NA,92,NA,NA,NA,23380,"CO","Glenwood Springs",-107.3247762,39.5505376,2018,468.221984863281,8.86989974975586,-10.5305995941162,31.8891983032227,"no"
29076,111,111,111,NA,NA,NA,111,NA,NA,NA,23742,"CA","Palo Alto",-122.1370703,37.4494959,2018,393.049987792969,15.2699995040894,5.70260000228882,25.465799331665,"no"
29241,126,126,126,NA,NA,NA,126,NA,NA,NA,24246,"IN","Culver",-86.4064784980477,41.1737302038634,2018,1022.92395019531,9.94999980926514,-8.49889945983887,28.3987998962402,"no"
29245,119,119,119,NA,NA,NA,119,NA,NA,NA,24060,"CA","Palo Alto",-122.1429145,37.4549084,2018,396.058990478516,15.2399997711182,5.68680000305176,25.3732986450195,"no"
29392,125,125,125,NA,NA,NA,125,NA,NA,NA,24395,"MT","Helena",-112.211110826563,46.6172411472796,2018,446.399993896484,4.8899998664856,-10.8459997177124,26.6351985931396,"no"
29426,128,128,NA,128,NA,NA,128,NA,NA,NA,24550,"CA","Palo Alto",-122.1494256,37.4353059,2018,414.136993408203,15.3299999237061,5.64759969711304,25.8128986358643,"no"
29517,111,111,111,NA,NA,NA,111,NA,NA,NA,24694,"CA","South Lake Tahoe",-120.0614551,38.9024485,2018,945.182983398438,6.75,-7.07239961624146,26.1971988677979,"no"
29746,226,226,226,NA,NA,NA,226,NA,NA,NA,26289,"CO","Colorado Springs",-104.821270510941,38.9098235213834,2018,441.601989746094,9.36989974975586,-8.19120025634766,29.5905990600586,"no"
29752,226,226,226,NA,NA,NA,226,NA,NA,NA,25165,"CO","Colorado Springs",-104.8220377,38.9098959,2018,441.601989746094,9.36989974975586,-8.19120025634766,29.5905990600586,"no"
29788,240,240,240,NA,NA,NA,NA,240,NA,NA,25207,"CO","Denver",-105.0323,39.7905,2018,406.819000244141,10.8000001907349,-7.23819971084595,31.889799118042,"no"
29824,265,265,265,NA,NA,NA,NA,NA,265,NA,25308,"CO","Denver",-105.0323,39.7905,2018,406.819000244141,10.8000001907349,-7.23819971084595,31.889799118042,"no"
29848,275,275,275,NA,NA,NA,NA,275,NA,NA,25414,"OR","",-123.0365018,44.0088358,2018,1101.21899414062,11.5499992370605,1.40829992294312,28.0207996368408,"no"
29874,288,293,288,NA,293,NA,288,NA,NA,NA,25434,"MA","Amherst",-72.5262094627045,42.3282369622405,2018,1196.18798828125,9.32999992370605,-9.51340007781982,28.6006984710693,"no"
30556,112,112,112,NA,NA,NA,112,NA,NA,NA,26606,"PA","Wyncote",-75.1632943586127,40.0839110430539,2019,1235.90698242188,12.5799999237061,-3.98789978027344,29.9215984344482,"no"
30557,112,112,112,NA,NA,NA,112,NA,NA,NA,26607,"PA","Wyncote",-75.1637667383188,40.083835777065,2019,1235.90698242188,12.5799999237061,-3.98789978027344,29.9215984344482,"no"
30879,143,143,143,NA,NA,NA,143,NA,NA,NA,27095,"OR","Medford",-122.8363645,42.314187,2019,530.071960449219,12.2999992370605,-0.307500004768372,32.1451988220215,"no"
31005,239,341,239,264,NA,341,NA,239,NA,308,27419,"CO","Denver",-105.0310904,39.7895786,2019,406.819000244141,10.8000001907349,-7.23819971084595,31.889799118042,"no"
31127,277,277,NA,277,NA,NA,NA,NA,NA,277,28776,"IN","Bloomington",-86.5263857,39.165325,2019,1239.05493164062,12.0900001525879,-5.98819971084595,29.6285991668701,"no"
31132,281,281,NA,281,NA,NA,NA,281,NA,NA,28817,"IN","Bloomington",-86.5195994,39.1782013,2019,1239.43591308594,12.210000038147,-5.85820007324219,29.5951995849609,"no"
31152,294,294,NA,NA,294,NA,NA,NA,NA,294,29068,"NY","Saranac",-73.7297571,44.6654664,2019,979.429992675781,6.75999975204468,-13.485499382019,26.335298538208,"no"
31152,294,294,NA,NA,294,NA,NA,NA,NA,294,51975,"NY","Saranac",-73.7297571,44.6654664,2019,979.429992675781,6.75999975204468,-13.485499382019,26.335298538208,"no"
31154,294,294,NA,NA,294,NA,NA,NA,294,NA,29065,"NY","Morrisonville",-73.576111,44.713952,2019,916.891967773438,7.33999967575073,-12.7732992172241,26.6430988311768,"no"
31396,14,14,NA,NA,NA,14,NA,NA,NA,14,29633,"CO","Denver",-105.0299278,39.7896167,2020,406.819000244141,10.8000001907349,-7.23819971084595,31.889799118042,"no"
31403,14,14,NA,NA,NA,14,NA,NA,NA,14,29642,"CO","Denver",-105.0299278,39.7896167,2020,406.819000244141,10.8000001907349,-7.23819971084595,31.889799118042,"no"
31407,14,37,37,NA,NA,14,37,NA,NA,NA,29645,"CO","Denver",-105.032103722185,39.7904033567836,2020,406.819000244141,10.8000001907349,-7.23819971084595,31.889799118042,"no"
31440,39,39,NA,NA,NA,39,NA,NA,NA,39,29696,"CO","Denver",-105.032499972222,39.790553,2020,406.819000244141,10.8000001907349,-7.23819971084595,31.889799118042,"no"
31445,79,91,NA,NA,NA,NA,NA,NA,NA,NA,29846,"CO","Aurora",-104.7125844,39.6217854,2020,470.993988037109,10.0900001525879,-7.44849967956543,30.7888984680176,"no"
31455,39,39,39,NA,NA,NA,39,NA,NA,NA,29735,"CO","Denver",-105.032438888889,39.7904694444444,2020,406.819000244141,10.8000001907349,-7.23819971084595,31.889799118042,"no"
31736,106,106,106,NA,NA,NA,106,NA,NA,NA,30277,"PA","Chambersburg",-77.7908897,39.9851815,2020,1112.92602539062,11.5398998260498,-5.43969964981079,29.6403999328613,"no"
31758,104,104,NA,NA,NA,104,NA,NA,NA,104,30220,"CO","Lafayette",-105.1088874,40.0499752,2020,379.282989501953,10.1799993515015,-9.07660007476807,32.1503982543945,"no"
31781,106,106,NA,NA,NA,NA,NA,NA,NA,NA,30274,"OR","Bend",-121.450797222222,43.81125,2020,452.953979492188,7.25,-6.0460000038147,28.4702987670898,"no"
31782,106,106,NA,NA,NA,NA,NA,NA,NA,NA,30275,"OR","Bend",-121.451155555556,43.8122333333333,2020,452.953979492188,7.25,-6.0460000038147,28.4702987670898,"no"
31918,117,117,117,NA,NA,NA,117,NA,NA,NA,30563,"CO","Loveland",-105.140728972222,40.377096,2020,385.664001464844,9.63999938964844,-9.07670021057129,30.9916000366211,"no"
31967,119,119,NA,119,NA,NA,119,NA,NA,NA,30692,"CO","Fort Collins",-105.1030328,40.5227284,2020,417.523986816406,9.34000015258789,-9.16119956970215,30.539400100708,"yes"
31968,104,104,104,NA,NA,NA,104,NA,NA,NA,30693,"CO","Breckenridge",-106.0418377,39.4801619,2020,545.847961425781,2.71000003814697,-13.5401000976562,22.8197002410889,"no"
32003,124,124,124,NA,NA,NA,124,NA,NA,NA,30916,"IA","Norwalk",-93.6497027777778,41.488225,2020,879.464965820312,10.0599994659424,-10.6496000289917,29.6013984680176,"no"
32009,119,119,119,NA,NA,NA,119,NA,NA,NA,30802,"CO","Dillon",-106.047551322754,39.6371360210802,2020,398.912994384766,2.91999983787537,-14.5739994049072,24.0264987945557,"no"
32015,120,120,120,NA,NA,NA,120,NA,NA,NA,30812,"CO","Silverthorne",-106.105413022,39.584741680743,2020,521.872009277344,2.92999982833862,-14.25,23.7502002716064,"no"
32293,153,153,153,NA,NA,NA,153,NA,NA,NA,31621,"CO","Nederland",-105.50902434089,39.976811689412,2020,534.388977050781,5.19000005722046,-9.3351001739502,24.8134002685547,"no"
32379,272,272,NA,NA,272,NA,NA,NA,NA,272,34616,"IL","Lake Forest",-87.83645,42.224127777778,2020,957.566955566406,9.60999965667725,-8.51140022277832,27.6502990722656,"no"
32452,296,296,NA,NA,NA,296,NA,NA,NA,NA,37502,"CO","Nederland",-105.393525,39.971255,2020,559.872985839844,6.32999992370605,-7.8585000038147,25.1007995605469,"no"
32673,255,270,NA,NA,265,NA,NA,255,265,NA,32932,"CO","Frisco",-106.0964662,39.5703633,2020,524.221008300781,2.80999994277954,-14.1707000732422,23.4478988647461,"no"
32673,255,270,NA,NA,265,NA,NA,255,265,NA,35095,"CO","Frisco",-106.0964662,39.5703633,2020,524.221008300781,2.80999994277954,-14.1707000732422,23.4478988647461,"no"
32761,260,289,260,265,280,289,NA,260,265,280,37910,"CO","Dillon",-106.0420939,39.6268468,2020,397.363891601562,2.94999980926514,-14.4526996612549,23.9918003082275,"no"
32826,264,264,NA,NA,264,NA,NA,NA,264,NA,33968,"IN","Bloomington",-86.464204788208,39.098194416775,2020,1234.64392089844,11.9200000762939,-6.13770008087158,29.812198638916,"no"
32864,280,280,280,NA,NA,NA,NA,280,NA,NA,36384,"NH","Windham",-71.2590835,42.8121866,2020,1179.31494140625,9.22999954223633,-9.42659950256348,28.4061985015869,"no"
32932,259,294,NA,259,NA,294,294,NA,259,280,35086,"CO","Breckenridge",-106.0514825,39.5112824,2020,513.263000488281,2.85999989509583,-13.6939992904663,23.2449989318848,"no"
32941,266,273,266,NA,NA,NA,266,NA,NA,NA,35098,"CO","Silverthorne",-106.0657091,39.6364745,2020,396.750885009766,3.03999996185303,-14.8408994674683,24.3680000305176,"no"
32954,278,278,NA,NA,NA,NA,NA,278,NA,NA,35116,"NY","New York",-73.954642737956,40.767177419748,2020,1244.1259765625,13.0398998260498,-2.95449995994568,29.5560989379883,"no"
33011,263,277,NA,NA,277,NA,NA,NA,263,NA,36898,"CO","Dillon",-106.0314259,39.6435995,2020,452.920989990234,2.73000001907349,-14.3205995559692,23.4981002807617,"no"
33032,282,298,NA,NA,NA,298,NA,NA,282,NA,36989,"CO","Silverthorne",-106.0812,39.6183,2020,443.360992431641,2.76999998092651,-14.4270000457764,23.630199432373,"no"
33150,272,299,NA,NA,NA,299,NA,NA,272,NA,37470,"CO","Dillon",-106.044222,39.63176,2020,401.048004150391,2.87999987602234,-14.3842000961304,23.8022994995117,"no"
33208,267,267,NA,NA,267,NA,NA,267,NA,NA,37589,"CO","Steamboat Springs",-106.80969227621,40.441334537625,2020,640.278991699219,4.84999990463257,-15.014199256897,28.173999786377,"no"
33465,281,281,NA,NA,281,NA,NA,NA,281,NA,37975,"CO","Breckenridge",-106.0369444,39.4898333,2020,558.701965332031,2.15999984741211,-14.0734996795654,22.1101989746094,"no"
33476,264,292,NA,NA,NA,292,NA,264,278,285,37989,"CO","Keystone",-106.04350364694,39.637831961714,2020,430.365997314453,2.78999996185303,-14.4488000869751,23.6676998138428,"no"
33482,264,264,NA,NA,264,NA,NA,NA,264,NA,38004,"CO","Evergreen",-105.3172146,39.6333213,2020,484.946990966797,7.27999973297119,-9.1673002243042,27.4654998779297,"no"
33504,294,304,NA,NA,304,NA,NA,NA,294,NA,38067,"CO","Breckenridge",-106.04893043235,39.481839229764,2020,545.859985351562,2.72000002861023,-13.5668001174927,22.8661003112793,"no"
33599,276,276,NA,NA,NA,276,NA,NA,276,NA,38224,"CO","Breckenridge",-106.0589869,39.5780447,2020,435.231994628906,2.97000002861023,-14.3708000183105,23.8776988983154,"no"
33652,23,107,71,NA,107,23,107,NA,NA,NA,38299,"CO","Denver",-105.0261543,39.7881508,2021,405.171997070312,10.7799997329712,-7.24790000915527,31.8470001220703,"no"
33666,26,26,26,NA,NA,NA,26,NA,NA,NA,38314,"CO","Denver",-105.009879,39.7654864,2021,400.757995605469,10.8499994277954,-7.37999963760376,31.9692001342773,"no"
33680,240,240,NA,NA,NA,NA,NA,NA,240,NA,51973,"Colorado","Berthoud",-105.0810924,40.3083174,2020,381.929992675781,9.80999946594238,-9.05200004577637,31.3812999725342,"no"
33769,52,109,109,NA,NA,NA,109,NA,NA,NA,38447,"Colorado","Denver",-105.009879,39.7654864,2021,400.757995605469,10.8499994277954,-7.37999963760376,31.9692001342773,"no"
33803,126,284,NA,NA,284,NA,NA,NA,NA,NA,38530,"Colorado","Nederland",-105.3957486,39.9717521,2020,559.872985839844,6.32999992370605,-7.8585000038147,25.1007995605469,"no"
33803,126,284,NA,NA,284,NA,NA,NA,NA,NA,38611,"Colorado","Nederland",-105.3957486,39.9717521,2020,559.872985839844,6.32999992370605,-7.8585000038147,25.1007995605469,"no"
33803,126,284,NA,NA,284,NA,NA,NA,NA,NA,38611,"Colorado","Nederland",-105.3957486,39.9717521,2024,559.872985839844,6.32999992370605,-7.8585000038147,25.1007995605469,"no"
34058,74,122,96,NA,NA,NA,96,NA,NA,NA,38862,"Colorado","Durango",-107.863706,37.385461,2021,527.932006835938,8.05999946594238,-10.210000038147,28.3892002105713,"no"
34058,74,122,96,NA,NA,NA,96,NA,NA,NA,40393,"Colorado","Durango",-107.863706,37.385461,2021,527.932006835938,8.05999946594238,-10.210000038147,28.3892002105713,"no"
34058,74,122,96,NA,NA,NA,96,NA,NA,NA,40394,"Colorado","Durango",-107.863706,37.385461,2021,527.932006835938,8.05999946594238,-10.210000038147,28.3892002105713,"no"
34285,76,76,76,NA,NA,NA,76,NA,NA,NA,39906,"CO","Denver",-105.01007777778,39.76555,2021,400.757995605469,10.8499994277954,-7.37999963760376,31.9692001342773,"no"
34539,93,93,NA,NA,NA,NA,NA,NA,NA,NA,40239,"CO","Evergreen",-105.36217,39.600486,2021,517.338989257812,6.10999965667725,-9.62790012359619,25.921199798584,"no"
34739,86,173,NA,NA,NA,NA,NA,NA,NA,NA,40502,"Illinois","Lake Forest",-87.840625,42.2586342,2021,953.760986328125,9.48999977111816,-8.61670017242432,27.4326992034912,"no"
34739,86,173,NA,NA,NA,NA,NA,NA,NA,NA,40502,"Illinois","Lake Forest",-87.840625,42.2586342,2022,953.760986328125,9.48999977111816,-8.61670017242432,27.4326992034912,"no"
34739,86,173,NA,NA,NA,NA,NA,NA,NA,NA,40502,"Illinois","Lake Forest",-87.840625,42.2586342,2023,953.760986328125,9.48999977111816,-8.61670017242432,27.4326992034912,"no"
35324,109,109,109,NA,NA,NA,109,NA,NA,NA,41403,"CO","",-104.9971,37.965083,2021,681.164978027344,7.78999996185303,-7.89619970321655,26.3402996063232,"no"
35431,111,111,111,NA,NA,NA,111,NA,NA,NA,41542,"CO","Silverthorne",-106.08779,39.619463,2021,485.471984863281,2.41999983787537,-14.7079000473022,23.1870002746582,"no"
35432,109,109,109,NA,NA,NA,109,NA,NA,NA,41543,"CO","Vail",-106.36535,39.639928,2021,566.080993652344,3.34999990463257,-15.2276992797852,25.2218990325928,"no"
35524,114,114,NA,NA,NA,NA,NA,NA,NA,NA,41693,"CO","Berthoud",-105.08455,40.301812,2021,378.60400390625,9.84999942779541,-9.07250022888184,31.4546985626221,"no"
35548,115,115,NA,NA,NA,NA,NA,NA,NA,NA,41725,"CO","Nederland",-105.39265,39.971272,2021,559.872985839844,6.32999992370605,-7.8585000038147,25.1007995605469,"no"
36862,148,148,NA,NA,NA,NA,NA,NA,NA,NA,43567,"CO","Nederland",-105.39184,39.971566,2021,559.872985839844,6.32999992370605,-7.8585000038147,25.1007995605469,"no"
37029,155,155,155,NA,NA,NA,155,NA,NA,NA,43850,"New Hampshire","Windham",-71.2543903,42.8196836,2021,1178.49291992188,9.26000022888184,-9.38089942932129,28.4188995361328,"no"
37220,163,163,NA,NA,NA,NA,NA,NA,NA,NA,44155,"AZ","Munds Park",-111.64335,34.950153,2021,639.535888671875,10.0900001525879,-5.1823000907898,29.1104984283447,"no"
38338,138,138,NA,NA,NA,NA,NA,NA,NA,NA,68604,"CO","Nederland",-105.39575,39.971752,2023,559.872985839844,6.32999992370605,-7.8585000038147,25.1007995605469,"no"
38684,239,315,239,NA,315,NA,239,NA,NA,315,46296,"CO","Denver",-105.0302396,39.7896087,2021,406.819000244141,10.8000001907349,-7.23819971084595,31.889799118042,"no"
39039,260,260,260,NA,NA,NA,260,NA,NA,NA,46785,"CO","Denver",-105.0323531807,39.790523781617,2021,406.819000244141,10.8000001907349,-7.23819971084595,31.889799118042,"no"
39352,270,270,NA,NA,NA,NA,NA,NA,270,NA,47145,"CO","Steamboat Springs",-106.79946111111,40.449841666667,2021,658.495971679688,4.65000009536743,-14.9767999649048,27.842399597168,"no"
39356,269,269,NA,NA,NA,NA,NA,NA,NA,269,47149,"CO","Walden",-106.28668888889,40.726730555556,2021,340.68798828125,3.15999984741211,-14.5106000900269,25.4270992279053,"no"
39730,281,281,NA,281,NA,NA,NA,NA,NA,281,47614,"CO","Nederland",-105.39251,39.972042,2021,559.872985839844,6.32999992370605,-7.8585000038147,25.1007995605469,"no"
39752,283,283,NA,NA,NA,NA,NA,NA,283,NA,47636,"CO","Aspen Meadows",-105.39141,39.971663,2021,559.872985839844,6.32999992370605,-7.8585000038147,25.1007995605469,"no"
39852,288,288,288,NA,NA,NA,NA,288,NA,NA,51976,"CO","Denver",-105.0323733502,39.790532975698,2021,406.819000244141,10.8000001907349,-7.23819971084595,31.889799118042,"no"
40148,306,306,NA,306,NA,NA,NA,NA,NA,306,48164,"CO","Berthoud",-105.08504,40.301738,2021,378.60400390625,9.84999942779541,-9.07250022888184,31.4546985626221,"no"
40346,311,311,NA,NA,NA,311,NA,NA,NA,311,48384,"CO","Aspen Meadows",-105.39259,39.972145,2021,559.872985839844,6.32999992370605,-7.8585000038147,25.1007995605469,"no"
40579,326,326,NA,NA,NA,326,NA,NA,NA,326,48704,"CO","Berthoud",-105.08498,40.302338,2021,378.60400390625,9.84999942779541,-9.07250022888184,31.4546985626221,"no"
40613,324,324,NA,NA,NA,324,NA,NA,NA,324,48743,"Colorado","Berthoud",-105.0810924,40.3083174,2021,381.929992675781,9.80999946594238,-9.05200004577637,31.3812999725342,"no"
40763,18,90,NA,NA,NA,18,90,NA,NA,NA,48934,"Colorado","Denver",-105.0325689,39.7884644,2022,406.819000244141,10.8000001907349,-7.23819971084595,31.889799118042,"no"
40962,35,93,NA,NA,NA,35,NA,NA,NA,35,49159,"CO","Denver",-105.03222021283,39.790447094433,2022,406.819000244141,10.8000001907349,-7.23819971084595,31.889799118042,"no"
41319,68,308,NA,308,NA,NA,NA,NA,NA,308,49609,"IL","Highland Park",-87.790583,42.152122,2022,977.378967285156,9.97999954223633,-8.12440013885498,27.9853992462158,"no"
41319,68,308,NA,308,NA,NA,NA,NA,NA,308,49609,"IL","Highland Park",-87.790583,42.152122,2023,977.378967285156,9.97999954223633,-8.12440013885498,27.9853992462158,"no"
41543,83,83,83,NA,NA,NA,83,NA,NA,NA,49885,"Colorado","Berthoud",-105.0850915,40.3041268,2022,378.60400390625,9.84999942779541,-9.07250022888184,31.4546985626221,"no"
41647,89,89,89,NA,NA,NA,89,NA,NA,NA,50007,"CO","Berthoud",-105.08497,40.302338,2022,378.60400390625,9.84999942779541,-9.07250022888184,31.4546985626221,"no"
43641,135,157,NA,NA,NA,NA,NA,NA,NA,NA,52396,"CO","Aspen Meadows",-105.39385,39.971008,2022,559.872985839844,6.32999992370605,-7.8585000038147,25.1007995605469,"no"
43724,139,142,NA,NA,NA,NA,NA,NA,NA,NA,52492,"CO","Berthoud",-105.08498,40.302855,2022,378.60400390625,9.84999942779541,-9.07250022888184,31.4546985626221,"no"
43769,142,142,142,NA,NA,NA,142,NA,NA,NA,52559,"CO","Crested Butte",-106.98977,38.958687,2022,928.975952148438,2.12999987602234,-17.209400177002,22.9356994628906,"no"
44497,109,109,NA,NA,NA,NA,NA,NA,NA,NA,53491,"Colorado","Vail",-106.3654649,39.6396492,2021,566.080993652344,3.34999990463257,-15.2276992797852,25.2218990325928,"no"
44536,167,167,NA,NA,NA,NA,NA,NA,NA,NA,53526,"CO","Vail",-106.36535,39.639969,2022,566.080993652344,3.34999990463257,-15.2276992797852,25.2218990325928,"no"
44668,172,172,NA,NA,NA,NA,NA,NA,NA,NA,53664,"PA","",-79.942091,40.552691,2022,1072.53991699219,10.7699995040894,-6.32519960403442,28.2800998687744,"no"
44726,174,174,174,NA,NA,NA,174,NA,NA,NA,53724,"CO","Vail",-106.36531,39.63992,2022,566.080993652344,3.34999990463257,-15.2276992797852,25.2218990325928,"no"
44851,179,179,NA,NA,NA,NA,NA,NA,NA,NA,53871,"CO","Vail",-106.36527,39.639934,2022,566.080993652344,3.34999990463257,-15.2276992797852,25.2218990325928,"no"
45002,187,187,NA,NA,NA,NA,187,NA,NA,NA,54072,"CO","Vail",-106.36528,39.639853,2022,566.080993652344,3.34999990463257,-15.2276992797852,25.2218990325928,"no"
45238,200,200,NA,NA,NA,NA,NA,NA,NA,NA,54342,"CO","Vail",-106.36524,39.639945,2022,566.080993652344,3.34999990463257,-15.2276992797852,25.2218990325928,"no"
45353,207,207,207,NA,NA,NA,207,NA,NA,NA,54485,"AK","Anchorage",-149.88733,61.223572,2022,NA,NA,NA,NA,"no"
45612,291,291,NA,NA,NA,NA,NA,NA,NA,NA,54763,"CA","June Lake",-119.1548,37.836042,2020,675.432983398438,4.63000011444092,-9.55700016021729,23.5769996643066,"no"
45773,243,243,243,NA,NA,NA,243,NA,NA,NA,54941,"CO","Vail",-106.36538,39.639976,2022,566.080993652344,3.34999990463257,-15.2276992797852,25.2218990325928,"no"
45872,238,254,254,NA,NA,NA,254,NA,NA,NA,55050,"Colorado","Denver",-105.0302396,39.7896087,2022,406.819000244141,10.8000001907349,-7.23819971084595,31.889799118042,"no"
45899,252,252,NA,NA,NA,NA,252,NA,NA,NA,55077,"CO","Vail",-106.36531,39.639769,2022,566.080993652344,3.34999990463257,-15.2276992797852,25.2218990325928,"no"
45901,160,243,243,NA,NA,NA,243,NA,NA,NA,55126,"Colorado","Vail",-106.3654649,39.6396492,2022,566.080993652344,3.34999990463257,-15.2276992797852,25.2218990325928,"no"
46171,261,317,261,NA,317,NA,261,NA,NA,317,55408,"Colorado","Denver",-105.0325689,39.7884644,2022,406.819000244141,10.8000001907349,-7.23819971084595,31.889799118042,"no"
46347,263,263,NA,263,NA,NA,NA,263,NA,NA,55606,"CO","Vail",-106.36521,39.640012,2022,566.080993652344,3.34999990463257,-15.2276992797852,25.2218990325928,"no"
46517,269,274,NA,NA,NA,NA,NA,NA,NA,NA,55834,"AB","Edmonton",-113.55935,53.617795,2022,NA,NA,NA,NA,"no"
46547,270,270,NA,270,NA,NA,NA,270,NA,NA,55870,"CO","Vail",-106.36547,39.640012,2022,566.080993652344,3.34999990463257,-15.2276992797852,25.2218990325928,"no"
46628,270,270,270,NA,NA,NA,NA,NA,270,NA,55968,"CO","Aspen Meadows",-105.3925,39.972012,2022,559.872985839844,6.32999992370605,-7.8585000038147,25.1007995605469,"no"
46789,274,274,NA,NA,NA,NA,NA,NA,NA,NA,56164,"AB","Edmonton",-113.55926,53.617655,2022,NA,NA,NA,NA,"no"
46912,283,283,NA,283,NA,NA,NA,NA,NA,283,56308,"CO","Aspen Meadows",-105.39264,39.971987,2022,559.872985839844,6.32999992370605,-7.8585000038147,25.1007995605469,"no"
47094,290,290,NA,NA,NA,NA,NA,290,NA,NA,56541,"CO","Denver",-104.96069,39.731755,2022,411.151000976562,10.7299995422363,-7.22370004653931,31.6659984588623,"no"
47095,290,290,NA,NA,NA,NA,NA,NA,NA,NA,56542,"CO","Denver",-104.96065,39.731694,2022,411.151000976562,10.7299995422363,-7.22370004653931,31.6659984588623,"no"
47096,290,290,NA,NA,NA,NA,NA,290,NA,NA,56543,"CO","Denver",-104.96066,39.731694,2022,411.151000976562,10.7299995422363,-7.22370004653931,31.6659984588623,"no"
47097,290,290,NA,NA,NA,NA,NA,NA,NA,NA,56544,"CO","Denver",-104.96059,39.731812,2022,411.151000976562,10.7299995422363,-7.22370004653931,31.6659984588623,"no"
47099,290,290,290,NA,NA,NA,NA,290,NA,NA,56546,"CO","Denver",-104.9609,39.731725,2022,411.151000976562,10.7299995422363,-7.22370004653931,31.6659984588623,"no"
47100,276,276,NA,276,NA,NA,NA,276,NA,NA,56547,"CO","Denver",-104.96064,39.731639,2022,411.151000976562,10.7299995422363,-7.22370004653931,31.6659984588623,"no"
47101,290,290,290,NA,NA,NA,NA,290,NA,NA,56548,"CO","Denver",-104.96064,39.731649,2022,411.151000976562,10.7299995422363,-7.22370004653931,31.6659984588623,"no"
47102,290,290,NA,290,NA,NA,NA,NA,290,NA,56549,"CO","Denver",-104.96066,39.731658,2022,411.151000976562,10.7299995422363,-7.22370004653931,31.6659984588623,"no"
47103,290,290,NA,290,NA,NA,NA,290,NA,NA,56550,"CO","Denver",-104.95941,39.732066,2022,411.151000976562,10.7299995422363,-7.22370004653931,31.6659984588623,"no"
47104,290,290,290,NA,NA,NA,NA,290,NA,NA,56551,"CO","Denver",-104.96067,39.73159,2022,411.151000976562,10.7299995422363,-7.22370004653931,31.6659984588623,"no"
47105,290,290,NA,NA,NA,NA,NA,NA,NA,NA,56552,"CO","Denver",-104.96054,39.731686,2022,411.151000976562,10.7299995422363,-7.22370004653931,31.6659984588623,"no"
47106,290,290,NA,NA,NA,NA,NA,NA,NA,NA,56553,"CO","Denver",-104.96013,39.732134,2022,411.151000976562,10.7299995422363,-7.22370004653931,31.6659984588623,"no"
47107,290,290,NA,NA,NA,NA,NA,NA,290,NA,56554,"CO","Denver",-104.96224,39.73287,2022,411.151000976562,10.7299995422363,-7.22370004653931,31.6659984588623,"no"
47108,290,290,290,NA,NA,NA,NA,290,NA,NA,56555,"CO","Denver",-104.96013,39.732134,2022,411.151000976562,10.7299995422363,-7.22370004653931,31.6659984588623,"no"
47109,290,290,NA,NA,NA,NA,NA,NA,NA,NA,56556,"CO","Denver",-104.96077,39.731604,2022,411.151000976562,10.7299995422363,-7.22370004653931,31.6659984588623,"no"
47110,290,290,NA,NA,NA,NA,NA,NA,NA,NA,56557,"CO","Denver",-104.96066,39.731631,2022,411.151000976562,10.7299995422363,-7.22370004653931,31.6659984588623,"no"
47111,290,290,NA,NA,NA,NA,NA,NA,NA,NA,56558,"CO","Denver",-104.96143,39.732207,2022,411.151000976562,10.7299995422363,-7.22370004653931,31.6659984588623,"no"
47112,290,290,NA,NA,NA,NA,NA,290,NA,NA,56559,"CO","Denver",-104.9607,39.731682,2022,411.151000976562,10.7299995422363,-7.22370004653931,31.6659984588623,"no"
47113,290,290,NA,NA,NA,NA,NA,290,NA,NA,56560,"CO","Denver",-104.96066,39.731613,2022,411.151000976562,10.7299995422363,-7.22370004653931,31.6659984588623,"no"
47114,290,290,NA,NA,NA,NA,290,NA,NA,NA,56561,"CO","Denver",-104.96068,39.731703,2022,411.151000976562,10.7299995422363,-7.22370004653931,31.6659984588623,"no"
47115,290,290,NA,NA,NA,NA,NA,NA,NA,NA,56562,"CO","Denver",-104.96071,39.731722,2022,411.151000976562,10.7299995422363,-7.22370004653931,31.6659984588623,"no"
48617,312,332,312,NA,332,NA,NA,312,NA,332,58289,"New York","Valley Stream",-73.7095595,40.6719876,2022,1185.92492675781,12.5398998260498,-2.99370002746582,28.6380996704102,"no"
48671,261,333,NA,NA,261,333,NA,261,NA,333,58356,"CO","Denver",-105.0325776,39.7905581,2022,406.819000244141,10.8000001907349,-7.23819971084595,31.889799118042,"no"
49003,17,100,38,NA,17,100,38,NA,NA,17,58721,"Colorado","Denver",-105.0299103,39.7874318,2023,412.877990722656,10.75,-7.17770004272461,31.7574996948242,"no"
49006,10,10,NA,NA,10,NA,NA,NA,NA,10,58724,"Colorado","Denver",-105.0325689,39.7884644,2023,406.819000244141,10.8000001907349,-7.23819971084595,31.889799118042,"no"
50840,88,94,NA,NA,NA,NA,NA,NA,NA,NA,61948,"IL","Highland Park",-87.79058,42.152183,2023,977.378967285156,9.97999954223633,-8.12440013885498,27.9853992462158,"no"
50925,89,89,NA,NA,NA,NA,NA,NA,NA,NA,62051,"MT","Billings",-108.54099,45.741757,2023,375.682983398438,8.88999938964844,-9.76919937133789,31.5261993408203,"no"
55566,123,123,NA,NA,NA,NA,NA,NA,NA,NA,67354,"WY","Newcastle",-104.18488,43.849255,2023,432.657989501953,7.98000001907349,-10.6878995895386,30.3674983978271,"no"
56801,142,142,NA,NA,NA,NA,NA,NA,NA,NA,68906,"CO","Nederland",-105.39745,39.973072,2023,557.468994140625,6.94999980926514,-7.44719982147217,25.8305988311768,"no"
57167,146,151,NA,NA,NA,NA,NA,NA,NA,NA,69340,"CO","Nederland",-105.39558,39.971488,2023,559.872985839844,6.32999992370605,-7.8585000038147,25.1007995605469,"no"
57679,158,158,158,NA,NA,NA,158,NA,NA,NA,69993,"CO","Denver",-104.96128,39.732096,2023,411.151000976562,10.7299995422363,-7.22370004653931,31.6659984588623,"no"
57700,158,158,158,NA,NA,NA,158,NA,NA,NA,69994,"CO","Denver",-104.96084,39.731613,2023,411.151000976562,10.7299995422363,-7.22370004653931,31.6659984588623,"no"
57701,158,158,NA,NA,NA,NA,NA,NA,NA,NA,69995,"CO","Denver",-104.96116,39.731965,2023,411.151000976562,10.7299995422363,-7.22370004653931,31.6659984588623,"no"
57702,158,165,165,NA,NA,NA,165,NA,NA,NA,69996,"CO","Denver",-104.96046,39.731369,2023,411.151000976562,10.7299995422363,-7.22370004653931,31.6659984588623,"no"
57703,158,158,158,NA,NA,NA,158,NA,NA,NA,69997,"CO","Denver",-104.96073,39.731699,2023,411.151000976562,10.7299995422363,-7.22370004653931,31.6659984588623,"no"
57704,158,158,158,NA,NA,NA,158,NA,NA,NA,69998,"CO","Denver",-104.96068,39.731642,2023,411.151000976562,10.7299995422363,-7.22370004653931,31.6659984588623,"no"
57705,158,158,158,NA,NA,NA,158,NA,NA,NA,69999,"CO","Denver",-104.96083,39.731702,2023,411.151000976562,10.7299995422363,-7.22370004653931,31.6659984588623,"no"
57810,158,158,NA,NA,NA,NA,NA,NA,NA,NA,70116,"CO","Denver",-104.96293,39.732986,2023,406.415985107422,10.7699995040894,-7.23769998550415,31.7288990020752,"no"
57811,158,158,158,NA,NA,NA,158,NA,NA,NA,70117,"CO","Denver",-104.96381,39.731739,2023,406.415985107422,10.7699995040894,-7.23769998550415,31.7288990020752,"no"
57812,158,158,NA,NA,NA,NA,NA,NA,NA,NA,70118,"CO","Denver",-104.9639,39.731539,2023,406.415985107422,10.7699995040894,-7.23769998550415,31.7288990020752,"no"
57814,158,158,NA,NA,NA,NA,NA,NA,NA,NA,70120,"CO","Denver",-104.96395,39.731561,2023,406.415985107422,10.7699995040894,-7.23769998550415,31.7288990020752,"no"
58122,165,165,NA,NA,NA,NA,NA,NA,NA,NA,70502,"CO","Denver",-104.99025,39.739236,2023,391.059997558594,10.9099998474121,-7.33079957962036,32.0340003967285,"no"
58136,165,165,NA,NA,NA,NA,NA,NA,NA,NA,70497,"CO","Denver",-104.96059,39.731811,2023,411.151000976562,10.7299995422363,-7.22370004653931,31.6659984588623,"no"
58138,165,165,165,NA,NA,NA,165,NA,NA,NA,70499,"CO","Denver",-104.9607,39.73167,2023,411.151000976562,10.7299995422363,-7.22370004653931,31.6659984588623,"no"
58139,165,165,165,NA,NA,NA,NA,NA,NA,165,70500,"CO","Denver",-104.96079,39.731747,2023,411.151000976562,10.7299995422363,-7.22370004653931,31.6659984588623,"no"
58140,165,165,165,NA,NA,NA,165,NA,NA,NA,70501,"CO","Denver",-104.9608,39.731655,2023,411.151000976562,10.7299995422363,-7.22370004653931,31.6659984588623,"no"
58222,165,165,NA,NA,NA,NA,NA,NA,NA,NA,70599,"CO","Denver",-104.96391,39.731668,2023,406.415985107422,10.7699995040894,-7.23769998550415,31.7288990020752,"no"
58223,165,165,NA,NA,NA,NA,NA,NA,NA,NA,70600,"CO","Denver",-104.96371,39.731661,2023,406.415985107422,10.7699995040894,-7.23769998550415,31.7288990020752,"no"
58224,165,165,NA,NA,NA,NA,NA,NA,NA,NA,70601,"CO","Denver",-104.96396,39.731623,2023,406.415985107422,10.7699995040894,-7.23769998550415,31.7288990020752,"no"
58305,166,166,NA,NA,NA,NA,NA,NA,NA,NA,70703,"CO","Vail",-106.36538,39.640033,2023,566.080993652344,3.34999990463257,-15.2276992797852,25.2218990325928,"no"
58313,137,137,NA,NA,NA,NA,NA,NA,NA,NA,70785,"CO","Vail",-106.36688,39.640281,2023,566.080993652344,3.34999990463257,-15.2276992797852,25.2218990325928,"no"
58349,159,159,NA,NA,NA,NA,NA,NA,NA,NA,70786,"CO","Vail",-106.36688,39.640278,2023,566.080993652344,3.34999990463257,-15.2276992797852,25.2218990325928,"no"
58358,129,129,NA,NA,NA,NA,NA,NA,NA,NA,70784,"CO","Vail",-106.36688,39.640279,2023,566.080993652344,3.34999990463257,-15.2276992797852,25.2218990325928,"no"
58368,121,121,NA,NA,NA,NA,NA,NA,NA,NA,70783,"CO","Vail",-106.36685,39.640267,2023,566.080993652344,3.34999990463257,-15.2276992797852,25.2218990325928,"no"
58641,172,172,NA,NA,NA,NA,NA,NA,NA,NA,71134,"CO","Vail",-106.36546,39.639937,2023,566.080993652344,3.34999990463257,-15.2276992797852,25.2218990325928,"no"
58929,179,179,NA,NA,NA,NA,NA,NA,NA,NA,71492,"CO","Denver",-104.96128,39.732096,2023,411.151000976562,10.7299995422363,-7.22370004653931,31.6659984588623,"no"
58941,179,179,179,NA,NA,NA,179,NA,NA,NA,71622,"CO","Denver",-104.99025,39.739236,2023,391.059997558594,10.9099998474121,-7.33079957962036,32.0340003967285,"no"
58948,179,179,179,NA,NA,NA,179,NA,NA,NA,71493,"CO","Denver",-104.96062,39.731657,2023,411.151000976562,10.7299995422363,-7.22370004653931,31.6659984588623,"no"
58949,179,179,179,NA,NA,NA,179,NA,NA,NA,71494,"CO","Denver",-104.96073,39.731683,2023,411.151000976562,10.7299995422363,-7.22370004653931,31.6659984588623,"no"
58950,179,179,179,NA,NA,NA,179,NA,NA,NA,71495,"CO","Denver",-104.96057,39.731725,2023,411.151000976562,10.7299995422363,-7.22370004653931,31.6659984588623,"no"
58952,179,179,NA,NA,NA,NA,179,NA,NA,NA,71497,"CO","Denver",-104.96069,39.731617,2023,411.151000976562,10.7299995422363,-7.22370004653931,31.6659984588623,"no"
59058,179,179,179,NA,NA,NA,179,NA,NA,NA,71620,"CO","Denver",-104.96366,39.731655,2023,406.415985107422,10.7699995040894,-7.23769998550415,31.7288990020752,"no"
59059,179,179,179,NA,NA,NA,179,NA,NA,NA,71621,"CO","Denver",-104.9632,39.732013,2023,406.415985107422,10.7699995040894,-7.23769998550415,31.7288990020752,"no"
59060,179,179,179,NA,NA,NA,179,NA,NA,NA,71623,"CO","Denver",-104.96384,39.731613,2023,406.415985107422,10.7699995040894,-7.23769998550415,31.7288990020752,"no"
59354,186,186,NA,NA,NA,NA,NA,NA,NA,NA,71971,"CO","Vail",-106.36538,39.639949,2023,566.080993652344,3.34999990463257,-15.2276992797852,25.2218990325928,"no"
59718,194,194,NA,NA,NA,NA,NA,NA,NA,NA,72399,"CO","Vail",-106.36529,39.639861,2023,566.080993652344,3.34999990463257,-15.2276992797852,25.2218990325928,"no"
59978,202,202,NA,NA,NA,NA,NA,NA,NA,NA,72704,"CO","Vail",-106.3652,39.639978,2023,566.080993652344,3.34999990463257,-15.2276992797852,25.2218990325928,"no"
60219,209,209,NA,NA,NA,NA,NA,NA,NA,NA,72975,"CO","Vail",-106.36527,39.639946,2023,566.080993652344,3.34999990463257,-15.2276992797852,25.2218990325928,"no"
60349,214,214,214,214,NA,NA,214,214,NA,NA,73140,"CO","Denver",-104.99025,39.739236,2023,391.059997558594,10.9099998474121,-7.33079957962036,32.0340003967285,"no"
60359,214,214,NA,NA,NA,NA,214,NA,NA,NA,73136,"CO","Denver",-104.96074,39.731682,2023,411.151000976562,10.7299995422363,-7.22370004653931,31.6659984588623,"no"
60360,214,214,214,NA,NA,NA,214,NA,NA,NA,73137,"CO","Denver",-104.96055,39.731684,2023,411.151000976562,10.7299995422363,-7.22370004653931,31.6659984588623,"no"
60361,214,214,NA,NA,NA,NA,NA,214,NA,NA,73138,"CO","Denver",-104.96069,39.731636,2023,411.151000976562,10.7299995422363,-7.22370004653931,31.6659984588623,"no"
60362,214,214,NA,214,NA,NA,NA,214,NA,NA,73139,"CO","Denver",-104.96063,39.731727,2023,411.151000976562,10.7299995422363,-7.22370004653931,31.6659984588623,"no"
60430,214,214,214,NA,NA,NA,214,NA,NA,NA,73221,"CO","Denver",-104.96385,39.731527,2023,406.415985107422,10.7699995040894,-7.23769998550415,31.7288990020752,"no"
60431,214,214,214,NA,NA,NA,NA,214,NA,NA,73222,"CO","Denver",-104.96389,39.731612,2023,406.415985107422,10.7699995040894,-7.23769998550415,31.7288990020752,"no"
60743,223,223,NA,NA,NA,NA,NA,NA,NA,NA,73557,"CO","Vail",-106.36538,39.639916,2023,566.080993652344,3.34999990463257,-15.2276992797852,25.2218990325928,"no"
61100,237,237,NA,NA,NA,NA,NA,NA,NA,NA,73985,"CO","Vail",-106.3653,39.639896,2023,566.080993652344,3.34999990463257,-15.2276992797852,25.2218990325928,"no"
61255,242,338,NA,242,NA,338,NA,242,NA,338,74163,"Colorado","Denver",-105.0302396,39.7896087,2023,406.819000244141,10.8000001907349,-7.23819971084595,31.889799118042,"no"
61264,235,320,NA,235,NA,320,NA,235,NA,320,74172,"CO","Denver",-105.03237738629,39.790529546593,2023,406.819000244141,10.8000001907349,-7.23819971084595,31.889799118042,"no"
61265,235,235,NA,235,NA,NA,NA,235,NA,NA,74173,"CO","Denver",-105.03232374211,39.790546034437,2023,406.819000244141,10.8000001907349,-7.23819971084595,31.889799118042,"no"
61462,244,244,NA,NA,NA,NA,NA,NA,NA,NA,80754,"CO","Vail",-106.36534,39.639926,2023,566.080993652344,3.34999990463257,-15.2276992797852,25.2218990325928,"no"
61530,235,338,NA,235,NA,338,235,NA,NA,338,74479,"CO","Denver",-105.03232374211,39.790595497945,2023,406.819000244141,10.8000001907349,-7.23819971084595,31.889799118042,"no"
62067,233,324,NA,NA,233,NA,233,NA,NA,324,75055,"CO","Denver",-105.03076,39.78821,2023,406.819000244141,10.8000001907349,-7.23819971084595,31.889799118042,"no"
62291,265,265,NA,NA,NA,NA,NA,265,NA,NA,75315,"CO","Denver",-104.96074,39.731702,2023,411.151000976562,10.7299995422363,-7.22370004653931,31.6659984588623,"no"
62292,265,265,NA,NA,NA,NA,265,NA,NA,NA,75316,"CO","Denver",-104.96069,39.73176,2023,411.151000976562,10.7299995422363,-7.22370004653931,31.6659984588623,"no"
62293,265,265,NA,NA,NA,NA,NA,265,NA,NA,75317,"CO","Denver",-104.96079,39.731676,2023,411.151000976562,10.7299995422363,-7.22370004653931,31.6659984588623,"no"
62296,265,265,265,NA,NA,NA,NA,265,NA,NA,75320,"CO","Denver",-104.96066,39.731602,2023,411.151000976562,10.7299995422363,-7.22370004653931,31.6659984588623,"no"
62298,265,265,NA,NA,NA,NA,NA,NA,NA,NA,75326,"CO","Denver",-104.96128,39.732096,2023,411.151000976562,10.7299995422363,-7.22370004653931,31.6659984588623,"no"
62492,269,269,NA,NA,NA,NA,NA,NA,NA,269,75561,"CO","Nederland",-105.3963,39.972053,2023,557.468994140625,6.94999980926514,-7.44719982147217,25.8305988311768,"no"
62558,295,295,295,NA,NA,NA,NA,295,NA,NA,76816,"Washington","Shoreline",-122.3456972,47.7559659,2023,999.841979980469,11.0199995040894,2.39989995956421,23.4998989105225,"no"
63065,282,282,NA,NA,NA,282,NA,NA,NA,282,76269,"CO","Aspen Meadows",-105.39257,39.971928,2023,559.872985839844,6.32999992370605,-7.8585000038147,25.1007995605469,"no"
63625,299,299,NA,NA,NA,NA,NA,NA,NA,NA,77042,"CO","Denver",-104.96004,39.731785,2023,411.151000976562,10.7299995422363,-7.22370004653931,31.6659984588623,"no"
63730,299,299,NA,299,NA,NA,NA,NA,299,NA,77065,"CO","Denver",-104.96089,39.731672,2023,411.151000976562,10.7299995422363,-7.22370004653931,31.6659984588623,"no"
63798,299,299,NA,NA,NA,299,NA,NA,NA,299,77143,"CO","Denver",-104.96269,39.733093,2023,406.415985107422,10.7699995040894,-7.23769998550415,31.7288990020752,"no"
63799,299,299,NA,NA,NA,299,NA,NA,NA,299,77144,"CO","Denver",-104.96403,39.731715,2023,406.415985107422,10.7699995040894,-7.23769998550415,31.7288990020752,"no"
63800,299,299,NA,NA,NA,NA,NA,NA,NA,299,77145,"CO","Denver",-104.96377,39.731681,2023,406.415985107422,10.7699995040894,-7.23769998550415,31.7288990020752,"no"
63801,299,299,NA,NA,299,NA,NA,NA,NA,299,77146,"CO","Denver",-104.96379,39.731743,2023,406.415985107422,10.7699995040894,-7.23769998550415,31.7288990020752,"no"
63802,299,299,NA,NA,299,NA,NA,NA,NA,NA,77147,"CO","Denver",-104.96384,39.731617,2023,406.415985107422,10.7699995040894,-7.23769998550415,31.7288990020752,"no"
63803,299,299,NA,NA,299,NA,NA,NA,NA,299,77148,"CO","Denver",-104.96386,39.731625,2023,406.415985107422,10.7699995040894,-7.23769998550415,31.7288990020752,"no"
64708,313,313,NA,NA,NA,NA,NA,NA,313,NA,78177,"IN","Bloomington",-86.529041971213,39.18295761398,2023,1238.47802734375,12.0799999237061,-6.02850008010864,29.6187000274658,"no"
64839,320,320,NA,NA,NA,320,NA,NA,NA,320,78339,"CO","Denver",-105.03251666667,39.790566666667,2023,406.819000244141,10.8000001907349,-7.23819971084595,31.889799118042,"no"
67364,99,99,NA,NA,NA,NA,99,NA,NA,NA,81230,"CO","Vail",-106.3193,39.64777,2024,639.967956542969,2.80999994277954,-15.0031995773315,24.1973991394043,"no"
69540,113,113,NA,NA,NA,NA,NA,NA,NA,NA,83626,"CO","Vail",-106.42621,39.626012,2024,549.3349609375,3.84999990463257,-15.3262996673584,26.0641994476318,"no"
69541,114,114,NA,NA,NA,NA,NA,NA,NA,NA,83627,"CO","Vail",-106.4262,39.625994,2024,549.3349609375,3.84999990463257,-15.3262996673584,26.0641994476318,"no"
69972,119,121,121,NA,NA,NA,121,NA,NA,NA,84109,"CO","Edwards",-106.59977,39.641363,2024,397.486999511719,5.44000005722046,-14.7623996734619,28.171199798584,"no"
70116,122,122,122,NA,NA,NA,122,NA,NA,NA,84263,"CO","Vail",-106.42863,39.625212,2024,549.3349609375,3.84999990463257,-15.3262996673584,26.0641994476318,"no"
70138,124,124,NA,NA,NA,NA,124,NA,NA,NA,84288,"CO","Vail",-106.31969,39.647689,2024,639.967956542969,2.80999994277954,-15.0031995773315,24.1973991394043,"no"
70158,116,117,117,NA,NA,NA,117,NA,NA,NA,84314,"CO","Vail",-106.41668,39.627223,2024,557.711975097656,3.70999979972839,-15.2016000747681,25.7931995391846,"no"
70159,115,115,115,NA,NA,NA,115,NA,NA,NA,84315,"CO","Vail",-106.41665,39.627164,2024,557.711975097656,3.70999979972839,-15.2016000747681,25.7931995391846,"no"
70277,126,127,NA,NA,NA,NA,NA,NA,NA,NA,84450,"CO","Vail",-106.37775,39.642968,2024,573.3349609375,3.51999998092651,-15.6756992340088,25.601900100708,"no"
70278,137,137,NA,NA,NA,NA,NA,NA,NA,NA,84451,"CO","Vail",-106.37808,39.643324,2024,573.3349609375,3.51999998092651,-15.6756992340088,25.601900100708,"no"
70295,121,121,NA,NA,NA,NA,NA,NA,NA,NA,84469,"CO","Nederland",-105.3939,39.970853,2024,559.872985839844,6.32999992370605,-7.8585000038147,25.1007995605469,"no"
70680,128,137,137,NA,NA,NA,137,NA,NA,NA,84876,"Colorado","Edwards",-106.6181078,39.6176643,2024,488.253997802734,5.0499997138977,-14.2915992736816,27.31369972229,"no"
70680,128,137,137,NA,NA,NA,137,NA,NA,NA,85725,"Colorado","Edwards",-106.6181078,39.6176643,2024,488.253997802734,5.0499997138977,-14.2915992736816,27.31369972229,"no"
70778,128,128,NA,NA,NA,NA,NA,NA,NA,NA,85008,"IL","Chicago",-87.712258,41.97475,2024,992.597961425781,10.4099998474121,-7.47799968719482,27.870698928833,"no"
71106,129,129,NA,NA,NA,NA,NA,NA,NA,NA,85361,"CO","Boulder",-105.2809,40.014872,2024,510.077972412109,10.5699996948242,-7.04530000686646,31.3719997406006,"no"
71937,151,151,NA,NA,NA,NA,NA,NA,NA,NA,86279,"CO","Aspen Meadows",-105.3932,39.97107,2024,559.872985839844,6.32999992370605,-7.8585000038147,25.1007995605469,"no"
73865,247,247,NA,NA,NA,NA,NA,247,NA,NA,88550,"CO","Aspen Meadows",-105.39252,39.972078,2024,559.872985839844,6.32999992370605,-7.8585000038147,25.1007995605469,"no"
74338,282,311,NA,NA,282,290,NA,NA,NA,NA,89641,"Alaska","Delta Junction",-145.7343509,64.0400726,2024,NA,NA,NA,NA,"no"
74913,284,284,NA,284,NA,NA,NA,284,NA,NA,89671,"CO","Fort Collins",-105.07434,40.577068,2024,391.827880859375,9.38000011444092,-9.28020000457764,30.5757999420166,"yes"
74977,286,286,NA,NA,286,NA,NA,NA,NA,286,89738,"CO","Aspen Meadows",-105.39247,39.971958,2024,559.872985839844,6.32999992370605,-7.8585000038147,25.1007995605469,"no"
74979,286,286,NA,286,NA,NA,NA,NA,286,NA,89740,"CO","Aspen Meadows",-105.39258,39.971588,2024,559.872985839844,6.32999992370605,-7.8585000038147,25.1007995605469,"no"
75002,287,287,NA,287,NA,NA,NA,287,NA,NA,89763,"CO","Longmont",-105.1424,40.185461,2024,362.805999755859,10.1599998474121,-8.8056001663208,31.937198638916,"no"
75014,288,288,288,NA,NA,NA,NA,288,NA,NA,89775,"CO","Longmont",-105.14444,40.184719,2024,362.805999755859,10.1599998474121,-8.8056001663208,31.937198638916,"no"
75015,288,322,NA,NA,295,308,NA,288,NA,295,89776,"CO","Longmont",-105.14444,40.18472,2024,362.805999755859,10.1599998474121,-8.8056001663208,31.937198638916,"no"
75016,288,288,NA,288,NA,NA,NA,288,NA,NA,89777,"CO","Longmont",-105.14447,40.184405,2024,362.805999755859,10.1599998474121,-8.8056001663208,31.937198638916,"no"
75017,288,322,NA,288,308,NA,NA,288,295,308,89778,"CO","Longmont",-105.14466,40.184459,2024,362.805999755859,10.1599998474121,-8.8056001663208,31.937198638916,"no"
75018,288,288,288,NA,NA,NA,NA,288,NA,NA,89779,"CO","Longmont",-105.14382,40.183859,2024,362.805999755859,10.1599998474121,-8.8056001663208,31.937198638916,"no"
75019,288,322,288,295,308,315,NA,288,NA,301,89780,"CO","Longmont",-105.14384,40.183898,2024,362.805999755859,10.1599998474121,-8.8056001663208,31.937198638916,"no"
75020,288,288,288,NA,NA,NA,NA,288,NA,NA,89781,"CO","Longmont",-105.14683,40.185284,2024,364.632995605469,10.1499996185303,-8.87459945678711,31.9902992248535,"no"
75021,288,322,288,295,315,322,NA,288,NA,308,89782,"CO","Longmont",-105.14689,40.185251,2024,364.632995605469,10.1499996185303,-8.87459945678711,31.9902992248535,"no"
75022,288,288,NA,288,NA,NA,NA,288,NA,NA,89783,"CO","Longmont",-105.14954,40.18671,2024,364.632995605469,10.1499996185303,-8.87459945678711,31.9902992248535,"no"
75023,288,322,NA,288,308,NA,NA,288,295,308,89784,"CO","Longmont",-105.14961,40.186701,2024,364.632995605469,10.1499996185303,-8.87459945678711,31.9902992248535,"no"
75024,288,288,288,NA,NA,NA,NA,288,NA,NA,89785,"CO","Longmont",-105.15017,40.187545,2024,365.920989990234,10.1499996185303,-8.8105001449585,31.9200000762939,"no"
75025,288,322,288,295,315,NA,NA,288,NA,301,89786,"CO","Longmont",-105.15018,40.187519,2024,365.920989990234,10.1499996185303,-8.8105001449585,31.9200000762939,"no"
75026,288,288,288,NA,NA,NA,NA,288,NA,NA,89787,"CO","Longmont",-105.14445,40.190603,2024,363.074981689453,10.1499996185303,-8.77330017089844,31.9186000823975,"no"
75027,288,322,288,295,315,322,NA,288,301,308,89788,"CO","Longmont",-105.14435,40.190506,2024,363.074981689453,10.1499996185303,-8.77330017089844,31.9186000823975,"no"
75028,288,288,288,NA,NA,NA,NA,288,NA,NA,89789,"CO","Longmont",-105.14177,40.191047,2024,363.074981689453,10.1499996185303,-8.77330017089844,31.9186000823975,"no"
75029,288,322,288,295,322,NA,NA,288,NA,308,89790,"CO","Longmont",-105.14185,40.191102,2024,363.074981689453,10.1499996185303,-8.77330017089844,31.9186000823975,"no"
75030,288,288,NA,288,NA,NA,NA,288,NA,NA,89791,"CO","Longmont",-105.14055,40.187689,2024,363.074981689453,10.1499996185303,-8.77330017089844,31.9186000823975,"no"
75031,288,322,NA,288,NA,NA,NA,288,295,315,89792,"CO","Longmont",-105.14048,40.187721,2024,363.074981689453,10.1499996185303,-8.77330017089844,31.9186000823975,"no"
75032,288,322,NA,288,NA,NA,NA,288,308,322,89793,"CO","Longmont",-105.14231,40.185505,2024,362.805999755859,10.1599998474121,-8.8056001663208,31.937198638916,"no"
75073,290,290,NA,290,NA,NA,NA,NA,290,NA,89840,"CO","Fort Collins",-105.07438,40.577042,2024,391.827880859375,9.38000011444092,-9.28020000457764,30.5757999420166,"yes"
75074,290,310,NA,290,304,310,NA,290,NA,297,89841,"CO","Fort Collins",-105.08422,40.586756,2024,388.071990966797,9.34999942779541,-9.2834997177124,30.5296001434326,"yes"
75075,290,290,NA,290,NA,NA,NA,290,NA,NA,89842,"CO","Fort Collins",-105.07845,40.583967,2024,387.947998046875,9.34999942779541,-9.2810001373291,30.5319995880127,"yes"
75076,290,310,NA,290,304,310,NA,290,297,304,89843,"CO","Fort Collins",-105.09038,40.587183,2024,393.360992431641,9.35999965667725,-9.20370006561279,30.5341987609863,"yes"
75077,290,310,NA,290,297,304,NA,NA,NA,290,89844,"CO","Fort Collins",-105.09884,40.586971,2024,402.651000976562,9.34999942779541,-9.14009952545166,30.503698348999,"yes"
75078,290,317,NA,290,297,317,NA,NA,290,297,89845,"CO","Fort Collins",-105.09507,40.587286,2024,393.360992431641,9.35999965667725,-9.20370006561279,30.5341987609863,"yes"
75079,290,290,290,NA,NA,NA,NA,290,NA,NA,89846,"CO","Fort Collins",-105.09931,40.584808,2024,402.651000976562,9.34999942779541,-9.14009952545166,30.503698348999,"yes"
75080,290,317,NA,290,297,317,NA,NA,290,317,89847,"CO","Fort Collins",-105.09861,40.582912,2024,402.651000976562,9.34999942779541,-9.14009952545166,30.503698348999,"yes"
75081,290,310,NA,290,297,304,NA,NA,290,297,89848,"CO","Fort Collins",-105.09193,40.582892,2024,393.360992431641,9.35999965667725,-9.20370006561279,30.5341987609863,"yes"
75082,290,317,NA,290,304,317,NA,290,NA,297,89849,"CO","Fort Collins",-105.09116,40.583044,2024,393.360992431641,9.35999965667725,-9.20370006561279,30.5341987609863,"yes"
75083,290,290,NA,290,NA,NA,NA,NA,290,NA,89850,"CO","Fort Collins",-105.08602,40.584765,2024,388.071990966797,9.34999942779541,-9.2834997177124,30.5296001434326,"yes"
75084,290,310,NA,290,297,310,NA,290,NA,297,89851,"CO","Fort Collins",-105.08982,40.583757,2024,393.360992431641,9.35999965667725,-9.20370006561279,30.5341987609863,"yes"
75085,290,324,NA,290,304,324,NA,290,310,304,89852,"CO","Fort Collins",-105.08799,40.583928,2024,393.360992431641,9.35999965667725,-9.20370006561279,30.5341987609863,"yes"
75086,290,290,NA,290,NA,NA,NA,290,NA,NA,89853,"CO","Fort Collins",-105.08683,40.592146,2024,387.544982910156,9.34000015258789,-9.29669952392578,30.5268993377686,"yes"
75087,290,290,NA,NA,290,NA,NA,NA,290,NA,89854,"CO","Fort Collins",-105.09281,40.590607,2024,394.005889892578,9.36989974975586,-9.19110012054443,30.5304985046387,"yes"
75088,290,290,NA,NA,290,NA,NA,NA,290,NA,89855,"CO","Fort Collins",-105.09277,40.590607,2024,394.005889892578,9.36989974975586,-9.19110012054443,30.5304985046387,"yes"
75089,290,290,NA,290,NA,NA,NA,290,NA,NA,89856,"CO","Fort Collins",-105.09288,40.590444,2024,394.005889892578,9.36989974975586,-9.19110012054443,30.5304985046387,"yes"
75090,290,290,NA,NA,290,NA,NA,NA,NA,290,89857,"CO","Fort Collins",-105.09239,40.589086,2024,394.005889892578,9.36989974975586,-9.19110012054443,30.5304985046387,"yes"
75091,290,290,NA,290,NA,NA,NA,290,NA,NA,89858,"CO","Fort Collins",-105.0941,40.588051,2024,394.005889892578,9.36989974975586,-9.19110012054443,30.5304985046387,"yes"
75092,290,290,NA,290,NA,NA,NA,290,NA,NA,89859,"CO","Fort Collins",-105.09356,40.588132,2024,394.005889892578,9.36989974975586,-9.19110012054443,30.5304985046387,"yes"
75093,290,290,NA,NA,290,NA,NA,NA,290,NA,89860,"CO","Fort Collins",-105.08413,40.586899,2024,388.071990966797,9.34999942779541,-9.2834997177124,30.5296001434326,"yes"
75094,290,290,NA,290,NA,NA,NA,290,NA,NA,89861,"CO","Fort Collins",-105.0882,40.583797,2024,393.360992431641,9.35999965667725,-9.20370006561279,30.5341987609863,"yes"
75095,290,290,NA,290,NA,NA,NA,NA,290,NA,89862,"CO","Fort Collins",-105.0899,40.583652,2024,393.360992431641,9.35999965667725,-9.20370006561279,30.5341987609863,"yes"
75096,290,290,NA,290,NA,NA,NA,NA,290,NA,89863,"CO","Fort Collins",-105.09188,40.583061,2024,393.360992431641,9.35999965667725,-9.20370006561279,30.5341987609863,"yes"
75170,287,287,NA,NA,NA,NA,NA,NA,NA,287,89945,"CO","Aspen Meadows",-105.39226,39.971063,2024,559.872985839844,6.32999992370605,-7.8585000038147,25.1007995605469,"no"
75245,295,295,NA,NA,NA,NA,NA,NA,NA,NA,90026,"WA","Seattle",-122.32806,47.728018,2024,986.935974121094,11.1099996566772,2.30659985542297,23.7791996002197,"no"
75259,297,310,NA,NA,297,310,NA,NA,297,310,90048,"CO","Fort Collins",-105.07434,40.577051,2024,391.827880859375,9.38000011444092,-9.28020000457764,30.5757999420166,"yes"
75260,297,318,NA,297,310,318,NA,297,NA,304,90049,"CO","Fort Collins",-105.07849,40.583958,2024,387.947998046875,9.34999942779541,-9.2810001373291,30.5319995880127,"yes"
75261,297,310,NA,NA,297,310,NA,NA,297,304,90050,"CO","Fort Collins",-105.08416,40.586824,2024,388.071990966797,9.34999942779541,-9.2834997177124,30.5296001434326,"yes"
75262,297,318,NA,297,318,NA,NA,NA,297,318,90051,"CO","Fort Collins",-105.08678,40.592116,2024,387.544982910156,9.34000015258789,-9.29669952392578,30.5268993377686,"yes"
75263,297,324,NA,297,317,324,NA,297,304,317,90052,"CO","Fort Collins",-105.09922,40.584901,2024,402.651000976562,9.34999942779541,-9.14009952545166,30.503698348999,"yes"
75264,297,318,NA,NA,304,297,NA,NA,NA,297,90053,"CO","Fort Collins",-105.09283,40.59057,2024,394.005889892578,9.36989974975586,-9.19110012054443,30.5304985046387,"yes"
75265,297,318,NA,NA,297,310,NA,NA,297,304,90054,"CO","Fort Collins",-105.09277,40.590623,2024,394.005889892578,9.36989974975586,-9.19110012054443,30.5304985046387,"yes"
75266,297,318,NA,297,310,318,NA,NA,297,304,90055,"CO","Fort Collins",-105.09279,40.590403,2024,394.005889892578,9.36989974975586,-9.19110012054443,30.5304985046387,"yes"
75267,297,310,NA,NA,297,304,NA,NA,NA,297,90056,"CO","Fort Collins",-105.09244,40.589105,2024,394.005889892578,9.36989974975586,-9.19110012054443,30.5304985046387,"yes"
75268,297,310,NA,NA,297,310,NA,NA,297,304,90057,"CO","Fort Collins",-105.094,40.58814,2024,394.005889892578,9.36989974975586,-9.19110012054443,30.5304985046387,"yes"
75269,297,318,NA,297,NA,NA,NA,297,310,318,90058,"CO","Fort Collins",-105.09356,40.588068,2024,394.005889892578,9.36989974975586,-9.19110012054443,30.5304985046387,"yes"
75270,297,318,NA,NA,297,318,NA,297,304,318,90059,"CO","Fort Collins",-105.09505,40.587353,2024,393.360992431641,9.35999965667725,-9.20370006561279,30.5341987609863,"yes"
75271,297,310,NA,NA,297,310,NA,NA,297,304,90060,"CO","Fort Collins",-105.09027,40.587271,2024,393.360992431641,9.35999965667725,-9.20370006561279,30.5341987609863,"yes"
75272,297,310,NA,NA,297,304,NA,NA,NA,297,90061,"CO","Fort Collins",-105.08604,40.584768,2024,388.071990966797,9.34999942779541,-9.2834997177124,30.5296001434326,"yes"
75273,297,318,NA,297,310,318,NA,297,NA,304,90062,"CO","Fort Collins",-105.0882,40.58385,2024,393.360992431641,9.35999965667725,-9.20370006561279,30.5341987609863,"yes"
75274,297,310,NA,297,304,310,NA,NA,297,304,90063,"CO","Fort Collins",-105.0899,40.583615,2024,393.360992431641,9.35999965667725,-9.20370006561279,30.5341987609863,"yes"
75275,297,318,NA,NA,297,318,NA,NA,297,304,90064,"CO","Fort Collins",-105.09109,40.583039,2024,393.360992431641,9.35999965667725,-9.20370006561279,30.5341987609863,"yes"
75276,297,310,NA,NA,297,310,NA,NA,297,304,90065,"CO","Fort Collins",-105.09183,40.583045,2024,393.360992431641,9.35999965667725,-9.20370006561279,30.5341987609863,"yes"
75278,297,310,NA,297,304,310,NA,NA,297,304,90067,"CO","Fort Collins",-105.09245,40.583154,2024,393.360992431641,9.35999965667725,-9.20370006561279,30.5341987609863,"yes"
75279,297,318,NA,NA,297,318,NA,NA,297,318,90068,"CO","Fort Collins",-105.09876,40.583024,2024,402.651000976562,9.34999942779541,-9.14009952545166,30.503698348999,"yes"
75280,297,318,NA,297,318,NA,NA,297,304,318,90069,"CO","Fort Collins",-105.099,40.584818,2024,402.651000976562,9.34999942779541,-9.14009952545166,30.503698348999,"yes"
75327,302,302,NA,NA,NA,NA,NA,NA,NA,NA,90124,"WA","Seattle",-122.32776,47.72791,2024,986.935974121094,11.1099996566772,2.30659985542297,23.7791996002197,"no"
75748,305,305,NA,NA,NA,NA,NA,NA,NA,NA,90590,"WA","Seattle",-122.32783,47.727856,2024,986.935974121094,11.1099996566772,2.30659985542297,23.7791996002197,"no"
75830,309,317,NA,NA,317,NA,NA,NA,NA,317,90689,"WA","Seattle",-122.32803,47.728003,2024,986.935974121094,11.1099996566772,2.30659985542297,23.7791996002197,"no"
