"location_id","first.doy","drop.none","drop.early","drop.50","drop.all","site_species_id","administrative_area_level_1","longitude","latitude","PPT","TMIN01","TMAX07"
51,124,NA,NA,NA,NA,1600,"AK",-149.465,61.5817,NA,NA,NA
151,112,NA,NA,NA,NA,1309,"MN",-92.1,46.8,780.511901855469,-15.8100996017456,24.0293998718262
213,80,NA,NA,NA,NA,4185,"CO",-105.062,40.0362,379.138000488281,-8.74170017242432,32.0223999023438
228,94,NA,NA,NA,NA,33010,"NM",-105.098,36.7961,480.246002197266,-11.2712001800537,25.9555988311768
466,87,NA,NA,297,NA,3174,"MT",-114,46.8667,380.634979248047,-7.25,29.5464000701904
857,73,NA,NA,NA,NA,13274,"CO",-105.077,40.1992,372.401000976562,-9.10760021209717,31.9729995727539
1167,124,NA,NA,NA,NA,1960,"CO",-105.013,38.9309,558.455993652344,-11.8800992965698,26.279899597168
1174,84,NA,NA,NA,NA,617,"MI",-88.442,47.2734,826.488952636719,-12.3379993438721,23.710599899292
1177,92,NA,NA,NA,NA,1904,"MN",-92.0961,46.8157,803.135009765625,-16.5397987365723,24.0909996032715
1207,140,NA,NA,NA,NA,2437,"WY",-104.74,41.1372,389.177001953125,-8.41459941864014,28.9998989105225
1247,92,NA,NA,291,NA,2119,"NE",-96.7915,40.7903,779.320007324219,-9.72849941253662,30.8618984222412
1276,71,NA,NA,NA,NA,796,"OR",-121.209,44.0917,246.125,-4.32100009918213,28.7964992523193
1366,91,NA,NA,NA,NA,2384,"CO",-105.164,40.0594,418.072998046875,-7.71809959411621,31.622200012207
1387,130,NA,NA,NA,NA,1761,"WI",-90.7222,46.9258,817.904968261719,-13.5241994857788,24.8221988677979
1472,154,NA,NA,NA,NA,2038,"WY",-110.809,43.492,468.727996826172,-14.3090991973877,26.7819995880127
1573,147,NA,NA,NA,NA,2001,"CO",-105.731,40.7118,367.040985107422,-10.1050996780396,25.5384998321533
1608,111,NA,NA,NA,NA,1619,"CO",-104.779,37.624,424.936981201172,-6.94949960708618,30.9190998077393
1886,123,NA,NA,NA,NA,2214,"NV",-119.782,39.5495,198.509994506836,-4.85260009765625,32.8197975158691
1946,114,NA,NA,NA,NA,3072,"CO",-105.782,39.55,620.369995117188,-14.2468996047974,18.978199005127
2003,88,NA,NA,NA,NA,2322,"NJ",-74.219,40.1778,1257.34497070312,-4.68680000305176,29.506799697876
2074,84,NA,NA,NA,NA,33011,"MI",-85.9311,42.9752,988.912963867188,-7.84959983825684,27.3134994506836
2354,59,NA,NA,NA,NA,4157,"CO",-105.016,40.066,378.285003662109,-8.87720012664795,31.9874992370605
2384,78,NA,NA,NA,NA,2494,"UT",-111.813,41.772,460.880981445312,-9.40709972381592,31.6634998321533
2453,109,NA,NA,NA,NA,3437,"MT",-114.07,47.08,509.343994140625,-8.23880004882812,27.5079002380371
2459,107,NA,NA,NA,NA,2791,"ME",-70.4546,44.5513,1205.05102539062,-13.0078001022339,26.3416996002197
2481,90,NA,NA,NA,NA,2599,"MT",-108.504,45.7827,375.736999511719,-9.76449966430664,31.6083984375
2487,81,NA,NA,NA,NA,2602,"MT",-112.058,46.5475,465.310974121094,-9.48950004577637,26.8902988433838
2578,110,NA,NA,NA,NA,3340,"CO",-104,39,411.084991455078,-9.6363000869751,29.5683994293213
2578,110,NA,NA,NA,NA,3499,"CO",-104,39,411.084991455078,-9.6363000869751,29.5683994293213
2578,110,NA,NA,NA,NA,3507,"CO",-104,39,411.084991455078,-9.6363000869751,29.5683994293213
2578,110,NA,NA,NA,NA,3524,"CO",-104,39,411.084991455078,-9.6363000869751,29.5683994293213
2581,119,NA,NA,NA,NA,3514,"CO",-104,39,411.084991455078,-9.6363000869751,29.5683994293213
2582,119,NA,NA,NA,NA,3483,"CO",-104,39,411.084991455078,-9.6363000869751,29.5683994293213
2657,121,NA,NA,NA,NA,3520,"CO",-104.962,39.677,431.024993896484,-7.0499997138977,31.6117992401123
2658,133,NA,NA,NA,NA,3531,"CO",-104.962,39.677,431.024993896484,-7.0499997138977,31.6117992401123
2861,124,NA,NA,NA,NA,3504,"CO",-104.57,39.4,494.461975097656,-8.44829940795898,29.4056987762451
3059,114,NA,NA,NA,NA,3068,"MT",-113.71,47.5277,545.617980957031,-9.01690006256104,27.9856986999512
3087,82,NA,NA,NA,NA,3426,"CO",-106.823,40.4856,624.539978027344,-15.0604000091553,28.2229995727539
3148,125,NA,NA,NA,NA,3305,"MN",-94.4631,46.4025,708.049011230469,-18.0648002624512,26.1012001037598
3233,133,NA,NA,NA,NA,3502,"CO",-106.57,39.4,913.203002929688,-15.9769992828369,17.9312992095947
3238,135,NA,NA,NA,NA,3508,"CO",-104.97,39.69,422.923004150391,-7.11609983444214,31.7243995666504
3243,103,NA,NA,NA,NA,3526,"CO",-104.57,39.4,494.461975097656,-8.44829940795898,29.4056987762451
3250,109,NA,NA,NA,NA,3537,"CO",-104.98,39.6736,421.182983398438,-7.00269985198975,31.7705993652344
3260,148,NA,NA,NA,NA,3581,"CO",-105.395,39.4866,507.505981445312,-10.1581993103027,25.1504001617432
3261,148,NA,NA,NA,NA,3582,"CO",-105.395,39.4866,507.505981445312,-10.1581993103027,25.1504001617432
3262,148,NA,NA,NA,NA,3583,"CO",-105.657,39.81,718.285888671875,-11.9265995025635,21.2922992706299
3283,1,NA,NA,1,NA,3874,"CO",-105,40,378.989990234375,-7.96959972381592,31.8027992248535
3366,257,NA,NA,NA,NA,3799,"CO",-105.587,40.3237,568.079956054688,-9.2209997177124,24.4609985351562
3390,285,NA,NA,305,NA,3834,"MN",-94.4525,46.0824,722.555969238281,-17.2642002105713,27.4722995758057
3422,306,NA,NA,306,NA,3852,"MT",-113.986,46.8576,420.429992675781,-7.57340002059937,29.3599987030029
3564,90,NA,NA,291,NA,4060,"WI",-92.1589,45.3174,849.484008789062,-15.8553991317749,26.425199508667
3598,120,NA,NA,NA,NA,4345,"MI",-85.757,46.206,862.27294921875,-12.7662000656128,25.264799118042
3775,91,NA,NA,NA,NA,4142,"GA",-83.4453,33.9915,1294.85498046875,0.254900008440018,32.1731986999512
3784,122,NA,NA,NA,NA,4995,"ME",-70.4515,44.5489,1209.73400878906,-13.1377992630005,26.2591991424561
3811,67,NA,NA,300,NA,4772,"CO",-105.084,40.3075,381.929992675781,-9.05200004577637,31.3812999725342
3826,82,NA,NA,NA,NA,4162,"NY",-77.7906,42.2542,995.223999023438,-10.1343994140625,26.3321990966797
3827,99,NA,NA,NA,NA,4163,"NY",-77.7906,42.2542,995.223999023438,-10.1343994140625,26.3321990966797
3945,130,NA,NA,NA,NA,4486,"MT",-110.848,45.6193,682.117004394531,-10.6814994812012,26.3271999359131
3956,108,NA,NA,NA,NA,4276,"MT",-113.938,46.8786,443.442993164062,-7.50329971313477,29.4969997406006
3962,82,NA,NA,NA,NA,4289,"NY",-77.7906,42.2542,995.223999023438,-10.1343994140625,26.3321990966797
3963,99,NA,NA,NA,NA,4290,"NY",-77.7906,42.2542,995.223999023438,-10.1343994140625,26.3321990966797
4132,117,NA,NA,279,NA,4476,"CO",-105.397,39.9714,557.468994140625,-7.44719982147217,25.8305988311768
4741,106,NA,NA,NA,NA,4953,"WI",-92.159,45.3172,849.484008789062,-15.8553991317749,26.425199508667
4782,261,NA,NA,NA,NA,5239,"CO",-105.115,40.5398,431.640991210938,-9.03240013122559,30.4542999267578
4873,131,NA,NA,NA,NA,5062,"CA",-118.72,37.5511,243.084991455078,-8.85900020599365,27.4104995727539
5049,254,NA,NA,NA,NA,5202,"CO",-106,40,548.862976074219,-12.9265995025635,23.5373992919922
5087,257,NA,NA,NA,NA,5206,"CO",-105.081,40.3083,381.929992675781,-9.05200004577637,31.3812999725342
5093,260,NA,NA,NA,NA,5210,"CO",-105.062,40.0364,379.138000488281,-8.74170017242432,32.0223999023438
5115,260,NA,NA,NA,NA,5231,"CO",-105.085,40.3042,381.929992675781,-9.05200004577637,31.3812999725342
5214,265,NA,NA,NA,NA,5283,"CO",-105.072,40.3489,391.427001953125,-9.03769969940186,31.009298324585
5275,267,NA,NA,NA,NA,5319,"CO",-105.757,39.4133,466.834991455078,-13.585000038147,21.9127998352051
5307,269,NA,NA,NA,NA,5344,"CO",-105.522,40.3772,458.065979003906,-7.8831000328064,26.5522994995117
5311,269,NA,NA,NA,NA,5347,"CO",-105.531,40.2339,616.494995117188,-9.01620006561279,24.4540996551514
5340,271,NA,NA,NA,NA,5360,"CO",-105.246,40.016,470.555999755859,-7.57760000228882,31.6414985656738
5396,275,NA,NA,NA,NA,5381,"CO",-105.571,40.0783,923.269958496094,-12.5558996200562,19.8708992004395
5397,275,NA,NA,NA,NA,5382,"CO",-105.535,40.0807,647.279968261719,-11.6595993041992,20.9715995788574
5398,275,NA,NA,NA,NA,5383,"CO",-105.508,40.0722,520.907958984375,-10.1998996734619,22.4890995025635
5399,275,NA,NA,NA,NA,5384,"CO",-105.389,40.1155,542.117004394531,-6.19490003585815,27.5592994689941
5400,275,NA,NA,NA,NA,5385,"CO",-105.28,40.1371,495.35498046875,-6.82620000839233,30.8411998748779
5401,275,NA,NA,NA,NA,5386,"CO",-105.026,40.071,374.14599609375,-9.1363000869751,32.0545997619629
5423,283,NA,NA,NA,NA,5406,"NH",-72.082,43.3862,1163.94592285156,-11.7698993682861,26.5142002105713
5506,288,NA,NA,NA,NA,5473,"CO",-105.085,40.3083,381.929992675781,-9.05200004577637,31.3812999725342
5532,295,NA,NA,NA,NA,5505,"CO",-105.289,40.3679,475.829986572266,-6.33640003204346,28.0907001495361
5974,74,NA,NA,NA,NA,5673,"CO",-105.115,40.5255,431.716003417969,-9.05340003967285,30.5034999847412
6115,76,NA,NA,NA,NA,5806,"UT",-111.849,40.7632,504.953979492188,-5.08150005340576,33.0368995666504
6197,100,NA,NA,NA,NA,6009,"CO",-107.334,39.5484,467.910980224609,-10.502200126648,31.9177989959717
6236,96,NA,NA,NA,NA,5900,"CO",-106.13,38.84,261.755889892578,-12.6771993637085,27.2216987609863
6284,101,NA,NA,NA,NA,5942,"ME",-69.6325,44.6856,1132.70300292969,-13.3315000534058,26.511999130249
6392,104,NA,NA,NA,NA,6043,"CO",-105.509,40.1878,568.477905273438,-8.52400016784668,25.1638984680176
6489,60,NA,NA,NA,NA,6150,"CO",-105.027,39.9447,377.724975585938,-7.71630001068115,31.8341999053955
6612,126,NA,NA,NA,NA,6265,"WY",-104.711,44.594,468.917999267578,-11.9470996856689,29.4420986175537
6618,128,NA,NA,NA,NA,6270,"WI",-90.187,44.1339,883.670959472656,-14.1861991882324,27.7255001068115
6785,260,NA,NA,NA,NA,6683,"CO",-105.429,40.3484,523.930969238281,-9.00650024414062,24.3156986236572
6786,169,NA,NA,NA,NA,6438,"CO",-105.653,40.4117,695.578857421875,-10.9987993240356,23.7884998321533
6826,265,NA,NA,NA,NA,6754,"CO",-105.066,40.0362,381.127990722656,-8.46430015563965,31.9333992004395
7014,249,NA,NA,NA,NA,6650,"CO",-105.254,39.9673,516.591003417969,-6.3996000289917,30.9298000335693
7050,270,NA,NA,NA,NA,6763,"CO",-105.058,39.9058,382.552978515625,-7.47229957580566,31.8230991363525
7052,254,NA,NA,NA,NA,6674,"CO",-105.636,40.4109,658.099975585938,-10.6588001251221,24.3692989349365
7055,258,NA,NA,NA,NA,6676,"CO",-105.674,40.3901,891.567993164062,-13.399899482727,19.4174995422363
7129,259,NA,NA,NA,NA,6746,"CO",-105.827,40.6124,437.466003417969,-13.2037000656128,22.7643985748291
7146,267,NA,NA,NA,NA,6761,"CO",-105.71,39.6026,676.883972167969,-14.5696992874146,18.2490997314453
7156,273,NA,NA,273,NA,6768,"CO",-105.511,40.0782,520.907958984375,-10.1998996734619,22.4890995025635
7180,278,NA,NA,NA,NA,6797,"CO",-105.519,40.3829,454.389984130859,-7.89549970626831,26.4576988220215
7239,293,NA,NA,NA,NA,6872,"CO",-105.194,39.7367,478.042999267578,-7.29499959945679,30.521900177002
7243,294,NA,NA,NA,NA,6875,"WA",-123.084,48.1137,444.230987548828,1.93819999694824,19.9911994934082
7564,118,NA,NA,NA,NA,7146,"WA",-122.961,47.2739,1577.43798828125,1.60369992256165,24.6285991668701
7599,126,NA,NA,NA,NA,8379,"WI",-88.0167,43.4352,880.690002441406,-11.0078001022339,26.9498996734619
7631,79,NA,NA,NA,NA,7632,"CO",-104.962,39.7319,411.151000976562,-7.22370004653931,31.6659984588623
7675,72,NA,NA,318,NA,7615,"MA",-71.249,42.3555,1215.97595214844,-7.41639995574951,28.7332000732422
7912,97,NA,NA,NA,NA,7805,"CO",-105.405,39.7149,509.405975341797,-8.57129955291748,25.7993984222412
8134,98,NA,NA,NA,NA,7486,"CO",-105.125,40.5641,434.972991943359,-9.07320022583008,30.4625988006592
8288,94,NA,NA,NA,NA,7618,"CO",-105.428,40.3488,523.930969238281,-9.00650024414062,24.3156986236572
8375,113,NA,NA,NA,NA,7714,"CO",-106.79,39.1622,655.135009765625,-14.24049949646,26.0476989746094
8377,109,NA,NA,NA,NA,7710,"CO",-106.943,39.3766,465.492980957031,-13.0583992004395,28.407299041748
8382,113,NA,NA,NA,NA,7717,"CO",-106.789,39.162,655.135009765625,-14.24049949646,26.0476989746094
8389,74,NA,NA,285,NA,9603,"CO",-104.961,39.7319,411.151000976562,-7.22370004653931,31.6659984588623
8389,74,NA,NA,285,NA,8293,"CO",-104.961,39.7319,411.151000976562,-7.22370004653931,31.6659984588623
8519,72,NA,NA,NA,NA,12934,"CO",-105.362,39.661,508.446990966797,-8.87659931182861,26.3080997467041
8592,139,NA,NA,NA,NA,8185,"CO",-106.86,39.2893,565.1259765625,-12.9475994110107,26.4804992675781
8728,128,NA,NA,NA,NA,8054,"CO",-105.155,39.9788,443.436981201172,-6.55359983444214,31.122200012207
8757,110,NA,NA,NA,NA,8075,"CO",-105.144,40.0956,411.057983398438,-7.60379981994629,31.5380001068115
8758,110,NA,NA,NA,NA,8077,"CO",-105.147,40.0902,412.197998046875,-7.5383996963501,31.509298324585
8802,134,NA,NA,NA,NA,8135,"CO",-105.246,40.0161,470.555999755859,-7.57760000228882,31.6414985656738
8803,134,NA,NA,NA,NA,8136,"CO",-105.246,40.016,470.555999755859,-7.57760000228882,31.6414985656738
8969,151,NA,NA,NA,NA,8342,"CO",-106.867,39.1597,684.738952636719,-13.6258993148804,22.0904998779297
8974,155,NA,NA,NA,NA,8351,"CO",-105.062,40.0363,379.138000488281,-8.74170017242432,32.0223999023438
8976,155,NA,NA,NA,NA,8356,"CO",-105.245,40.0159,467.072998046875,-7.71719980239868,31.6875991821289
9044,102,NA,NA,NA,NA,8435,"CO",-105.529,40.233,614.596984863281,-8.94260025024414,24.5352001190186
9085,170,NA,NA,NA,NA,8476,"CO",-105.586,40.4037,584.825012207031,-9.31040000915527,25.4069995880127
9529,267,NA,NA,NA,NA,8855,"CO",-105.211,39.7262,503.142974853516,-7.67840003967285,30.003999710083
9650,271,NA,NA,NA,NA,8882,"CO",-105.211,39.7237,503.142974853516,-7.67840003967285,30.003999710083
9653,271,NA,NA,NA,NA,8887,"CO",-104.898,39.535,467.208984375,-7.72319984436035,30.5212001800537
9680,272,NA,NA,NA,NA,8905,"CO",-107.021,38.901,751.093994140625,-17.9659004211426,23.4186000823975
9688,117,NA,NA,300,NA,11148,"WI",-89.4225,43.0772,978.992004394531,-11.9018001556396,27.8830986022949
9708,276,NA,NA,NA,NA,8913,"CO",-106.02,39.5851,402.494995117188,-13.9649000167847,23.5452995300293
9877,295,NA,NA,295,NA,9013,"CO",-106.041,39.2266,471.350982666016,-13.1756000518799,21.8141994476318
10659,79,NA,NA,NA,NA,10058,"CO",-106.002,38.528,231.01399230957,-10.5823001861572,29.5993995666504
10683,24,24,NA,NA,NA,9544,"CO",-105.245,40.017,467.072998046875,-7.71719980239868,31.6875991821289
10778,42,42,NA,NA,NA,9644,"CO",-106.52,39.642,500.141998291016,-14.8919992446899,26.8362998962402
10779,42,42,NA,NA,NA,9657,"CO",-106.005,39.5903,371.744995117188,-14.3596000671387,23.8641986846924
10801,45,45,NA,NA,NA,9683,"CO",-105.614,40.3733,613.094970703125,-9.7347993850708,24.4480991363525
11174,111,NA,NA,NA,NA,10804,"CO",-104.999,40.1538,346.727996826172,-10.0311994552612,32.1591987609863
11182,117,NA,NA,NA,NA,11127,"CO",-105.153,40.1032,399.037994384766,-8.37090015411377,31.8323993682861
11317,82,NA,NA,NA,NA,10129,"CO",-105.126,40.1327,373.065887451172,-9.35209941864014,32.182300567627
11353,79,NA,NA,NA,NA,10158,"WA",-120.731,47.5433,898.671997070312,-5.16159963607788,29.2445983886719
11556,93,93,NA,NA,NA,10303,"WA",-120.404985,47.393382,511.784973144531,-4.7564001083374,28.6099987030029
11682,99,99,NA,NA,NA,10386,"CO",-106.00526,39.59031,371.744995117188,-14.3596000671387,23.8641986846924
11785,287,NA,287,NA,NA,14915,"KS",-100,40,598.739990234375,-9.58539962768555,32.9281997680664
11787,118,NA,NA,NA,NA,11180,"CO",-105.118,40.1335,372.822998046875,-9.36250019073486,32.1446990966797
12022,109,NA,NA,NA,NA,10723,"CO",-105.14534,39.932538,429.121002197266,-6.9951000213623,31.5279998779297
12096,83,125,NA,NA,NA,10765,"CO",-105.12498,40.13281,373.065887451172,-9.35209941864014,32.182300567627
12304,120,120,NA,NA,NA,10938,"CO",-105.14524,40.63035,406.692993164062,-9.13739967346191,30.3268985748291
12392,123,123,NA,NA,NA,11013,"CO",-106.784878,39.149987,653.014953613281,-14.4333000183105,26.1509990692139
12456,95,95,NA,NA,NA,11058,"CO",-105.16292,40.10033,395.483001708984,-8.74619960784912,32.0042991638184
12487,126,126,NA,NA,NA,11096,"CO",-106.942034,39.377303,465.492980957031,-13.0583992004395,28.407299041748
12527,97,NA,NA,NA,NA,11133,"CO",-105.18225,40.0742,412.945983886719,-8.11880016326904,31.7829990386963
12551,111,118,NA,NA,NA,11143,"CO",-105.190959,40.101776,392.194976806641,-8.4552001953125,31.9232997894287
13270,270,270,279,274,NA,11859,"KY",-86.89857,37.45094,1329.36791992188,-3.48510003089905,31.2063999176025
13431,282,NA,282,NA,NA,11972,"KY",-86.89822,37.45307,1329.36791992188,-3.48510003089905,31.2063999176025
14052,291,NA,NA,NA,291,12455,"CO",-105.32056,39.45891,515.848999023438,-9.06110000610352,24.9235000610352
14165,301,NA,NA,301,NA,12535,"CO",-104.94861,39.52546,482.582977294922,-7.95429992675781,30.4362983703613
14194,303,NA,NA,NA,303,12554,"NY",-76.126263,43.191035,1167.85095214844,-9.30270004272461,27.2895984649658
14923,28,NA,NA,NA,NA,12951,"AZ",-111.73188,35.15994,566.872009277344,-8.70259952545166,27.9716987609863
14954,49,NA,NA,324,NA,15401,"OR",-122.58035,45.54186,1134.07299804688,2.00830006599426,27.0139999389648
14978,99,NA,NA,NA,NA,13580,"AZ",-110.557158,34.393075,418.824981689453,-7.1237998008728,29.2852993011475
15233,102,NA,NA,NA,NA,13529,"CO",-104.74568,39.59861,464.606994628906,-7.55270004272461,30.858699798584
15492,68,68,NA,NA,NA,13147,"CO",-104.66193,39.08204,527.914001464844,-10.3618993759155,26.7417984008789
15670,39,NA,NA,NA,NA,13225,"MT",-111.038418,45.660727,502.067993164062,-9.43089962005615,28.2007999420166
15806,94,NA,NA,NA,NA,13352,"NY",-74.04223,42.657886,1079.49401855469,-11.5830001831055,26.3321990966797
15878,90,NA,NA,293,NA,15909,"CO",-105.39575,39.97175,559.872985839844,-7.8585000038147,25.1007995605469
15882,98,98,NA,NA,NA,13423,"MI",-85.765951,44.634002,874.815979003906,-9.87510013580322,26.953800201416
15917,96,96,NA,NA,NA,13447,"MA",-71.043777,42.06731,1287.61694335938,-7.06710004806519,28.5273990631104
16368,113,113,NA,NA,NA,13847,"MT",-110.973887,45.704899,582.287963867188,-9.56680011749268,27.8291988372803
16588,121,121,NA,NA,NA,14005,"CO",-105.579215,38.116431,561.2509765625,-11.7403001785278,24.7299995422363
16589,121,121,NA,NA,NA,14006,"PA",-75.12535,40.11983,1242.9189453125,-4.21140003204346,29.8990001678467
17081,159,159,NA,NA,NA,14279,"CO",-106.28875,39.2515,479.634002685547,-14.9759998321533,21.5604000091553
17198,173,173,NA,NA,NA,14356,"CO",-105.474065,40.340785,507.086975097656,-8.79580020904541,24.6323986053467
17452,212,212,NA,NA,NA,14495,"CO",-104.79188,39.53223,437.473999023438,-7.60049962997437,30.8903999328613
17785,257,257,NA,NA,NA,14711,"WY",-105,41,397.542999267578,-8.58949947357178,28.2127990722656
18385,308,NA,NA,308,308,15309,"NY",-73.72987,44.66543,979.429992675781,-13.485499382019,26.335298538208
18385,308,NA,NA,308,308,51974,"NY",-73.72987,44.66543,979.429992675781,-13.485499382019,26.335298538208
18539,308,NA,NA,NA,308,15364,"NY",-73.56208,44.6931,911.513977050781,-12.4937000274658,26.8101997375488
19947,69,69,NA,NA,NA,16135,"WY",-109.061279,44.559163,273.684997558594,-9.98489952087402,28.529899597168
20587,106,106,NA,NA,NA,16727,"CO",-107.879565,37.928356,550.351013183594,-13.4265995025635,23.2418003082275
20609,97,NA,NA,NA,NA,16738,"CO",-105.1469,40.10644,387.101898193359,-8.98120021820068,32.0365982055664
21848,220,220,NA,NA,NA,17808,"CO",-104.76462,39.62835,460.149993896484,-7.41890001296997,30.9121990203857
21890,218,NA,218,NA,NA,17838,"KS",-100,40,598.739990234375,-9.58539962768555,32.9281997680664
22644,305,NA,NA,305,NA,33012,"NY",-73.71053,44.69236,1005.38195800781,-13.4706001281738,26.0216999053955
23222,17,NA,NA,NA,17,18838,"CO",-105.03237,39.7876,406.819000244141,-7.23819971084595,31.889799118042
23486,65,65,NA,NA,NA,18993,"CO",-104.94367,39.73293,408.660980224609,-7.23679971694946,31.7725982666016
23544,62,120,NA,NA,NA,19044,"WI",-89.50801,46.173358,847.519958496094,-16.3206005096436,25.0818996429443
23710,79,79,NA,NA,NA,19143,"CO",-105.0323,39.7876,406.819000244141,-7.23819971084595,31.889799118042
23744,76,76,NA,NA,NA,19171,"CO",-104.960579,39.731719,411.151000976562,-7.22370004653931,31.6659984588623
23839,104,NA,NA,NA,NA,19795,"SD",-103.559259,44.294975,678.816955566406,-9.64690017700195,27.0893993377686
23884,98,NA,NA,NA,NA,19982,"KS",-101.06352,39.39392,521.398010253906,-8.91300010681152,32.6189002990723
23956,97,NA,NA,NA,NA,19335,"NM",-106.03637,35.62836,310.977996826172,-7.07519960403442,31.1394996643066
24174,100,NA,NA,NA,NA,19512,"CO",-104.829149,38.773255,464.0009765625,-7.94179964065552,29.8871994018555
24884,118,121,NA,NA,NA,20281,"CO",-105.02576,39.78783,405.171997070312,-7.24790000915527,31.8470001220703
25018,122,122,NA,NA,NA,20410,"MT",-112.232809,46.586887,442.066986083984,-10.076000213623,27.404899597168
25023,122,122,NA,NA,NA,20415,"MT",-112.236049,46.562903,451.587982177734,-10.184100151062,27.1267986297607
25029,89,NA,NA,NA,89,20420,"MT",-112.232605,46.586068,442.066986083984,-10.076000213623,27.404899597168
25153,97,NA,NA,NA,NA,20539,"MT",-112.078185,46.60912,330.407989501953,-9.5177001953125,29.1539001464844
27090,269,NA,269,NA,NA,22126,"CO",-105.029812,39.78938,406.819000244141,-7.23819971084595,31.889799118042
27416,286,NA,NA,286,NA,22366,"CO",-108.5669,39.0423,235.348999023438,-7.73909997940063,34.1638984680176
27425,286,NA,286,NA,NA,22375,"CO",-108.601913,39.082639,240.237991333008,-8.13850021362305,34.3253974914551
27426,286,NA,NA,NA,286,22377,"CO",-107.018042,38.515006,255.111999511719,-19.6681003570557,27.1466999053955
27460,279,279,NA,279,279,22385,"CO",-107.06502,38.9616,910.576965332031,-14.0328998565674,22.2141990661621
27461,279,NA,279,279,279,22386,"CO",-107.06502,38.96916,974.698974609375,-13.9252996444702,22.0354995727539
27531,291,NA,NA,NA,291,22416,"CO",-107.22648645943,37.9855352753702,681.581970214844,-14.2814998626709,19.1770992279053
28235,259,NA,259,NA,NA,23029,"CO",-104.74527,39.33546,490.362976074219,-8.65740013122559,29.3547992706299
28469,16,121,NA,NA,16,23185,"CO",-105.032201,39.790523,406.819000244141,-7.23819971084595,31.889799118042
28469,16,121,NA,NA,16,23306,"CO",-105.032201,39.790523,406.819000244141,-7.23819971084595,31.889799118042
28469,16,121,NA,NA,16,23962,"CO",-105.032201,39.790523,406.819000244141,-7.23819971084595,31.889799118042
28469,16,121,NA,NA,16,24093,"CO",-105.032201,39.790523,406.819000244141,-7.23819971084595,31.889799118042
28785,93,NA,NA,322,NA,23573,"IN",-86.589532,38.9996579,1235.61193847656,-5.75699996948242,29.4521999359131
28835,92,92,NA,NA,NA,23380,"CO",-107.3247762,39.5505376,468.221984863281,-10.5305995941162,31.8891983032227
29076,111,111,NA,NA,NA,23742,"CA",-122.1370703,37.4494959,393.049987792969,5.70260000228882,25.465799331665
29241,126,126,NA,NA,NA,24246,"IN",-86.4064784980477,41.1737302038634,1022.92395019531,-8.49889945983887,28.3987998962402
29245,119,119,NA,NA,NA,24060,"CA",-122.1429145,37.4549084,396.058990478516,5.68680000305176,25.3732986450195
29392,125,125,NA,NA,NA,24395,"MT",-112.211110826563,46.6172411472796,446.399993896484,-10.8459997177124,26.6351985931396
29426,128,NA,128,NA,NA,24550,"CA",-122.1494256,37.4353059,414.136993408203,5.64759969711304,25.8128986358643
29517,111,111,NA,NA,NA,24694,"CA",-120.0614551,38.9024485,945.182983398438,-7.07239961624146,26.1971988677979
29746,226,226,NA,NA,NA,26289,"CO",-104.821270510941,38.9098235213834,441.601989746094,-8.19120025634766,29.5905990600586
29752,226,226,NA,NA,NA,25165,"CO",-104.8220377,38.9098959,441.601989746094,-8.19120025634766,29.5905990600586
29788,240,240,NA,NA,NA,25207,"CO",-105.0323,39.7905,406.819000244141,-7.23819971084595,31.889799118042
29824,265,265,NA,NA,NA,25308,"CO",-105.0323,39.7905,406.819000244141,-7.23819971084595,31.889799118042
29848,275,275,NA,NA,NA,25414,"OR",-123.0365018,44.0088358,1101.21899414062,1.40829992294312,28.0207996368408
29874,288,288,NA,293,NA,25434,"MA",-72.5262094627045,42.3282369622405,1196.18798828125,-9.51340007781982,28.6006984710693
30556,112,112,NA,NA,NA,26606,"PA",-75.1632943586127,40.0839110430539,1235.90698242188,-3.98789978027344,29.9215984344482
30557,112,112,NA,NA,NA,26607,"PA",-75.1637667383188,40.083835777065,1235.90698242188,-3.98789978027344,29.9215984344482
30879,143,143,NA,NA,NA,27095,"OR",-122.8363645,42.314187,530.071960449219,-0.307500004768372,32.1451988220215
31005,239,239,264,NA,341,27419,"CO",-105.0310904,39.7895786,406.819000244141,-7.23819971084595,31.889799118042
31127,277,NA,277,NA,NA,28776,"IN",-86.5263857,39.165325,1239.05493164062,-5.98819971084595,29.6285991668701
31132,281,NA,281,NA,NA,28817,"IN",-86.5195994,39.1782013,1239.43591308594,-5.85820007324219,29.5951995849609
31152,294,NA,NA,294,NA,29068,"NY",-73.7297571,44.6654664,979.429992675781,-13.485499382019,26.335298538208
31152,294,NA,NA,294,NA,51975,"NY",-73.7297571,44.6654664,979.429992675781,-13.485499382019,26.335298538208
31154,294,NA,NA,294,NA,29065,"NY",-73.576111,44.713952,916.891967773438,-12.7732992172241,26.6430988311768
31396,14,NA,NA,NA,14,29633,"CO",-105.0299278,39.7896167,406.819000244141,-7.23819971084595,31.889799118042
31403,14,NA,NA,NA,14,29642,"CO",-105.0299278,39.7896167,406.819000244141,-7.23819971084595,31.889799118042
31407,14,37,NA,NA,14,29645,"CO",-105.032103722185,39.7904033567836,406.819000244141,-7.23819971084595,31.889799118042
31440,39,NA,NA,NA,39,29696,"CO",-105.032499972222,39.790553,406.819000244141,-7.23819971084595,31.889799118042
31445,79,NA,NA,NA,NA,29846,"CO",-104.7125844,39.6217854,470.993988037109,-7.44849967956543,30.7888984680176
31455,39,39,NA,NA,NA,29735,"CO",-105.032438888889,39.7904694444444,406.819000244141,-7.23819971084595,31.889799118042
31736,106,106,NA,NA,NA,30277,"PA",-77.7908897,39.9851815,1112.92602539062,-5.43969964981079,29.6403999328613
31758,104,NA,NA,NA,104,30220,"CO",-105.1088874,40.0499752,379.282989501953,-9.07660007476807,32.1503982543945
31781,106,NA,NA,NA,NA,30274,"OR",-121.450797222222,43.81125,452.953979492188,-6.0460000038147,28.4702987670898
31782,106,NA,NA,NA,NA,30275,"OR",-121.451155555556,43.8122333333333,452.953979492188,-6.0460000038147,28.4702987670898
31918,117,117,NA,NA,NA,30563,"CO",-105.140728972222,40.377096,385.664001464844,-9.07670021057129,30.9916000366211
31967,119,NA,119,NA,NA,30692,"CO",-105.1030328,40.5227284,417.523986816406,-9.16119956970215,30.539400100708
31968,104,104,NA,NA,NA,30693,"CO",-106.0418377,39.4801619,545.847961425781,-13.5401000976562,22.8197002410889
32003,124,124,NA,NA,NA,30916,"IA",-93.6497027777778,41.488225,879.464965820312,-10.6496000289917,29.6013984680176
32009,119,119,NA,NA,NA,30802,"CO",-106.047551322754,39.6371360210802,398.912994384766,-14.5739994049072,24.0264987945557
32015,120,120,NA,NA,NA,30812,"CO",-106.105413022,39.584741680743,521.872009277344,-14.25,23.7502002716064
32293,153,153,NA,NA,NA,31621,"CO",-105.50902434089,39.976811689412,534.388977050781,-9.3351001739502,24.8134002685547
32379,272,NA,NA,272,NA,34616,"IL",-87.83645,42.224127777778,957.566955566406,-8.51140022277832,27.6502990722656
32452,296,NA,NA,NA,296,37502,"CO",-105.393525,39.971255,559.872985839844,-7.8585000038147,25.1007995605469
32673,255,NA,NA,265,NA,32932,"CO",-106.0964662,39.5703633,524.221008300781,-14.1707000732422,23.4478988647461
32673,255,NA,NA,265,NA,35095,"CO",-106.0964662,39.5703633,524.221008300781,-14.1707000732422,23.4478988647461
32761,260,260,265,280,289,37910,"CO",-106.0420939,39.6268468,397.363891601562,-14.4526996612549,23.9918003082275
32826,264,NA,NA,264,NA,33968,"IN",-86.464204788208,39.098194416775,1234.64392089844,-6.13770008087158,29.812198638916
32864,280,280,NA,NA,NA,36384,"NH",-71.2590835,42.8121866,1179.31494140625,-9.42659950256348,28.4061985015869
32932,259,NA,259,NA,294,35086,"CO",-106.0514825,39.5112824,513.263000488281,-13.6939992904663,23.2449989318848
32941,266,266,NA,NA,NA,35098,"CO",-106.0657091,39.6364745,396.750885009766,-14.8408994674683,24.3680000305176
32954,278,NA,NA,NA,NA,35116,"NY",-73.954642737956,40.767177419748,1244.1259765625,-2.95449995994568,29.5560989379883
33011,263,NA,NA,277,NA,36898,"CO",-106.0314259,39.6435995,452.920989990234,-14.3205995559692,23.4981002807617
33032,282,NA,NA,NA,298,36989,"CO",-106.0812,39.6183,443.360992431641,-14.4270000457764,23.630199432373
33150,272,NA,NA,NA,299,37470,"CO",-106.044222,39.63176,401.048004150391,-14.3842000961304,23.8022994995117
33208,267,NA,NA,267,NA,37589,"CO",-106.80969227621,40.441334537625,640.278991699219,-15.014199256897,28.173999786377
33465,281,NA,NA,281,NA,37975,"CO",-106.0369444,39.4898333,558.701965332031,-14.0734996795654,22.1101989746094
33476,264,NA,NA,NA,292,37989,"CO",-106.04350364694,39.637831961714,430.365997314453,-14.4488000869751,23.6676998138428
33482,264,NA,NA,264,NA,38004,"CO",-105.3172146,39.6333213,484.946990966797,-9.1673002243042,27.4654998779297
33504,294,NA,NA,304,NA,38067,"CO",-106.04893043235,39.481839229764,545.859985351562,-13.5668001174927,22.8661003112793
33599,276,NA,NA,NA,276,38224,"CO",-106.0589869,39.5780447,435.231994628906,-14.3708000183105,23.8776988983154
33652,23,71,NA,107,23,38299,"CO",-105.0261543,39.7881508,405.171997070312,-7.24790000915527,31.8470001220703
33666,26,26,NA,NA,NA,38314,"CO",-105.009879,39.7654864,400.757995605469,-7.37999963760376,31.9692001342773
33680,240,NA,NA,NA,NA,51973,"Colorado",-105.0810924,40.3083174,381.929992675781,-9.05200004577637,31.3812999725342
33769,52,109,NA,NA,NA,38447,"Colorado",-105.009879,39.7654864,400.757995605469,-7.37999963760376,31.9692001342773
33803,126,NA,NA,284,NA,38530,"Colorado",-105.3957486,39.9717521,559.872985839844,-7.8585000038147,25.1007995605469
33803,126,NA,NA,284,NA,38611,"Colorado",-105.3957486,39.9717521,559.872985839844,-7.8585000038147,25.1007995605469
34058,74,96,NA,NA,NA,38862,"Colorado",-107.863706,37.385461,527.932006835938,-10.210000038147,28.3892002105713
34058,74,96,NA,NA,NA,40393,"Colorado",-107.863706,37.385461,527.932006835938,-10.210000038147,28.3892002105713
34058,74,96,NA,NA,NA,40394,"Colorado",-107.863706,37.385461,527.932006835938,-10.210000038147,28.3892002105713
34285,76,76,NA,NA,NA,39906,"CO",-105.01007777778,39.76555,400.757995605469,-7.37999963760376,31.9692001342773
34539,93,NA,NA,NA,NA,40239,"CO",-105.36217,39.600486,517.338989257812,-9.62790012359619,25.921199798584
34739,86,NA,NA,NA,NA,40502,"Illinois",-87.840625,42.2586342,953.760986328125,-8.61670017242432,27.4326992034912
35324,109,109,NA,NA,NA,41403,"CO",-104.9971,37.965083,681.164978027344,-7.89619970321655,26.3402996063232
35431,111,111,NA,NA,NA,41542,"CO",-106.08779,39.619463,485.471984863281,-14.7079000473022,23.1870002746582
35432,109,109,NA,NA,NA,41543,"CO",-106.36535,39.639928,566.080993652344,-15.2276992797852,25.2218990325928
35524,114,NA,NA,NA,NA,41693,"CO",-105.08455,40.301812,378.60400390625,-9.07250022888184,31.4546985626221
35548,115,NA,NA,NA,NA,41725,"CO",-105.39265,39.971272,559.872985839844,-7.8585000038147,25.1007995605469
36862,148,NA,NA,NA,NA,43567,"CO",-105.39184,39.971566,559.872985839844,-7.8585000038147,25.1007995605469
37029,155,155,NA,NA,NA,43850,"New Hampshire",-71.2543903,42.8196836,1178.49291992188,-9.38089942932129,28.4188995361328
37220,163,NA,NA,NA,NA,44155,"AZ",-111.64335,34.950153,639.535888671875,-5.1823000907898,29.1104984283447
38338,138,NA,NA,NA,NA,68604,"CO",-105.39575,39.971752,559.872985839844,-7.8585000038147,25.1007995605469
38684,239,239,NA,315,NA,46296,"CO",-105.0302396,39.7896087,406.819000244141,-7.23819971084595,31.889799118042
39039,260,260,NA,NA,NA,46785,"CO",-105.0323531807,39.790523781617,406.819000244141,-7.23819971084595,31.889799118042
39352,270,NA,NA,NA,NA,47145,"CO",-106.79946111111,40.449841666667,658.495971679688,-14.9767999649048,27.842399597168
39356,269,NA,NA,NA,NA,47149,"CO",-106.28668888889,40.726730555556,340.68798828125,-14.5106000900269,25.4270992279053
39730,281,NA,281,NA,NA,47614,"CO",-105.39251,39.972042,559.872985839844,-7.8585000038147,25.1007995605469
39752,283,NA,NA,NA,NA,47636,"CO",-105.39141,39.971663,559.872985839844,-7.8585000038147,25.1007995605469
39852,288,288,NA,NA,NA,51976,"CO",-105.0323733502,39.790532975698,406.819000244141,-7.23819971084595,31.889799118042
40148,306,NA,306,NA,NA,48164,"CO",-105.08504,40.301738,378.60400390625,-9.07250022888184,31.4546985626221
40346,311,NA,NA,NA,311,48384,"CO",-105.39259,39.972145,559.872985839844,-7.8585000038147,25.1007995605469
40579,326,NA,NA,NA,326,48704,"CO",-105.08498,40.302338,378.60400390625,-9.07250022888184,31.4546985626221
40613,324,NA,NA,NA,324,48743,"Colorado",-105.0810924,40.3083174,381.929992675781,-9.05200004577637,31.3812999725342
40763,18,NA,NA,NA,18,48934,"Colorado",-105.0325689,39.7884644,406.819000244141,-7.23819971084595,31.889799118042
40962,35,NA,NA,NA,35,49159,"CO",-105.03222021283,39.790447094433,406.819000244141,-7.23819971084595,31.889799118042
41319,68,NA,308,NA,NA,49609,"IL",-87.790583,42.152122,977.378967285156,-8.12440013885498,27.9853992462158
41543,83,83,NA,NA,NA,49885,"Colorado",-105.0850915,40.3041268,378.60400390625,-9.07250022888184,31.4546985626221
41647,89,89,NA,NA,NA,50007,"CO",-105.08497,40.302338,378.60400390625,-9.07250022888184,31.4546985626221
43641,135,NA,NA,NA,NA,52396,"CO",-105.39385,39.971008,559.872985839844,-7.8585000038147,25.1007995605469
43724,139,NA,NA,NA,NA,52492,"CO",-105.08498,40.302855,378.60400390625,-9.07250022888184,31.4546985626221
43769,142,142,NA,NA,NA,52559,"CO",-106.98977,38.958687,928.975952148438,-17.209400177002,22.9356994628906
44497,109,NA,NA,NA,NA,53491,"Colorado",-106.3654649,39.6396492,566.080993652344,-15.2276992797852,25.2218990325928
44536,167,NA,NA,NA,NA,53526,"CO",-106.36535,39.639969,566.080993652344,-15.2276992797852,25.2218990325928
44668,172,NA,NA,NA,NA,53664,"PA",-79.942091,40.552691,1072.53991699219,-6.32519960403442,28.2800998687744
44726,174,174,NA,NA,NA,53724,"CO",-106.36531,39.63992,566.080993652344,-15.2276992797852,25.2218990325928
44851,179,NA,NA,NA,NA,53871,"CO",-106.36527,39.639934,566.080993652344,-15.2276992797852,25.2218990325928
45002,187,NA,NA,NA,NA,54072,"CO",-106.36528,39.639853,566.080993652344,-15.2276992797852,25.2218990325928
45238,200,NA,NA,NA,NA,54342,"CO",-106.36524,39.639945,566.080993652344,-15.2276992797852,25.2218990325928
45353,207,207,NA,NA,NA,54485,"AK",-149.88733,61.223572,NA,NA,NA
45612,291,NA,NA,NA,NA,54763,"CA",-119.1548,37.836042,675.432983398438,-9.55700016021729,23.5769996643066
45773,243,243,NA,NA,NA,54941,"CO",-106.36538,39.639976,566.080993652344,-15.2276992797852,25.2218990325928
45872,238,254,NA,NA,NA,55050,"Colorado",-105.0302396,39.7896087,406.819000244141,-7.23819971084595,31.889799118042
45899,252,NA,NA,NA,NA,55077,"CO",-106.36531,39.639769,566.080993652344,-15.2276992797852,25.2218990325928
45901,160,243,NA,NA,NA,55126,"Colorado",-106.3654649,39.6396492,566.080993652344,-15.2276992797852,25.2218990325928
46171,261,261,NA,317,NA,55408,"Colorado",-105.0325689,39.7884644,406.819000244141,-7.23819971084595,31.889799118042
46347,263,NA,263,NA,NA,55606,"CO",-106.36521,39.640012,566.080993652344,-15.2276992797852,25.2218990325928
46517,269,NA,NA,NA,NA,55834,"AB",-113.55935,53.617795,NA,NA,NA
46547,270,NA,270,NA,NA,55870,"CO",-106.36547,39.640012,566.080993652344,-15.2276992797852,25.2218990325928
46628,270,270,NA,NA,NA,55968,"CO",-105.3925,39.972012,559.872985839844,-7.8585000038147,25.1007995605469
46789,274,NA,NA,NA,NA,56164,"AB",-113.55926,53.617655,NA,NA,NA
46912,283,NA,283,NA,NA,56308,"CO",-105.39264,39.971987,559.872985839844,-7.8585000038147,25.1007995605469
47094,290,NA,NA,NA,NA,56541,"CO",-104.96069,39.731755,411.151000976562,-7.22370004653931,31.6659984588623
47095,290,NA,NA,NA,NA,56542,"CO",-104.96065,39.731694,411.151000976562,-7.22370004653931,31.6659984588623
47096,290,NA,NA,NA,NA,56543,"CO",-104.96066,39.731694,411.151000976562,-7.22370004653931,31.6659984588623
47097,290,NA,NA,NA,NA,56544,"CO",-104.96059,39.731812,411.151000976562,-7.22370004653931,31.6659984588623
47099,290,290,NA,NA,NA,56546,"CO",-104.9609,39.731725,411.151000976562,-7.22370004653931,31.6659984588623
47100,276,NA,276,NA,NA,56547,"CO",-104.96064,39.731639,411.151000976562,-7.22370004653931,31.6659984588623
47101,290,290,NA,NA,NA,56548,"CO",-104.96064,39.731649,411.151000976562,-7.22370004653931,31.6659984588623
47102,290,NA,290,NA,NA,56549,"CO",-104.96066,39.731658,411.151000976562,-7.22370004653931,31.6659984588623
47103,290,NA,290,NA,NA,56550,"CO",-104.95941,39.732066,411.151000976562,-7.22370004653931,31.6659984588623
47104,290,290,NA,NA,NA,56551,"CO",-104.96067,39.73159,411.151000976562,-7.22370004653931,31.6659984588623
47105,290,NA,NA,NA,NA,56552,"CO",-104.96054,39.731686,411.151000976562,-7.22370004653931,31.6659984588623
47106,290,NA,NA,NA,NA,56553,"CO",-104.96013,39.732134,411.151000976562,-7.22370004653931,31.6659984588623
47107,290,NA,NA,NA,NA,56554,"CO",-104.96224,39.73287,411.151000976562,-7.22370004653931,31.6659984588623
47108,290,290,NA,NA,NA,56555,"CO",-104.96013,39.732134,411.151000976562,-7.22370004653931,31.6659984588623
47109,290,NA,NA,NA,NA,56556,"CO",-104.96077,39.731604,411.151000976562,-7.22370004653931,31.6659984588623
47110,290,NA,NA,NA,NA,56557,"CO",-104.96066,39.731631,411.151000976562,-7.22370004653931,31.6659984588623
47111,290,NA,NA,NA,NA,56558,"CO",-104.96143,39.732207,411.151000976562,-7.22370004653931,31.6659984588623
47112,290,NA,NA,NA,NA,56559,"CO",-104.9607,39.731682,411.151000976562,-7.22370004653931,31.6659984588623
47113,290,NA,NA,NA,NA,56560,"CO",-104.96066,39.731613,411.151000976562,-7.22370004653931,31.6659984588623
47114,290,NA,NA,NA,NA,56561,"CO",-104.96068,39.731703,411.151000976562,-7.22370004653931,31.6659984588623
47115,290,NA,NA,NA,NA,56562,"CO",-104.96071,39.731722,411.151000976562,-7.22370004653931,31.6659984588623
48617,312,312,NA,332,NA,58289,"New York",-73.7095595,40.6719876,1185.92492675781,-2.99370002746582,28.6380996704102
48671,261,NA,NA,261,333,58356,"CO",-105.0325776,39.7905581,406.819000244141,-7.23819971084595,31.889799118042
49003,17,38,NA,17,100,58721,"Colorado",-105.0299103,39.7874318,412.877990722656,-7.17770004272461,31.7574996948242
49006,10,NA,NA,10,NA,58724,"Colorado",-105.0325689,39.7884644,406.819000244141,-7.23819971084595,31.889799118042
50840,88,NA,NA,NA,NA,61948,"IL",-87.79058,42.152183,977.378967285156,-8.12440013885498,27.9853992462158
50925,89,NA,NA,NA,NA,62051,"MT",-108.54099,45.741757,375.682983398438,-9.76919937133789,31.5261993408203
55566,123,NA,NA,NA,NA,67354,"WY",-104.18488,43.849255,432.657989501953,-10.6878995895386,30.3674983978271
56801,142,NA,NA,NA,NA,68906,"CO",-105.39745,39.973072,557.468994140625,-7.44719982147217,25.8305988311768
57167,146,NA,NA,NA,NA,69340,"CO",-105.39558,39.971488,559.872985839844,-7.8585000038147,25.1007995605469
57679,158,158,NA,NA,NA,69993,"CO",-104.96128,39.732096,411.151000976562,-7.22370004653931,31.6659984588623
57700,158,158,NA,NA,NA,69994,"CO",-104.96084,39.731613,411.151000976562,-7.22370004653931,31.6659984588623
57701,158,NA,NA,NA,NA,69995,"CO",-104.96116,39.731965,411.151000976562,-7.22370004653931,31.6659984588623
57702,158,165,NA,NA,NA,69996,"CO",-104.96046,39.731369,411.151000976562,-7.22370004653931,31.6659984588623
57703,158,158,NA,NA,NA,69997,"CO",-104.96073,39.731699,411.151000976562,-7.22370004653931,31.6659984588623
57704,158,158,NA,NA,NA,69998,"CO",-104.96068,39.731642,411.151000976562,-7.22370004653931,31.6659984588623
57705,158,158,NA,NA,NA,69999,"CO",-104.96083,39.731702,411.151000976562,-7.22370004653931,31.6659984588623
57810,158,NA,NA,NA,NA,70116,"CO",-104.96293,39.732986,406.415985107422,-7.23769998550415,31.7288990020752
57811,158,158,NA,NA,NA,70117,"CO",-104.96381,39.731739,406.415985107422,-7.23769998550415,31.7288990020752
57812,158,NA,NA,NA,NA,70118,"CO",-104.9639,39.731539,406.415985107422,-7.23769998550415,31.7288990020752
57814,158,NA,NA,NA,NA,70120,"CO",-104.96395,39.731561,406.415985107422,-7.23769998550415,31.7288990020752
58122,165,NA,NA,NA,NA,70502,"CO",-104.99025,39.739236,391.059997558594,-7.33079957962036,32.0340003967285
58136,165,NA,NA,NA,NA,70497,"CO",-104.96059,39.731811,411.151000976562,-7.22370004653931,31.6659984588623
58138,165,165,NA,NA,NA,70499,"CO",-104.9607,39.73167,411.151000976562,-7.22370004653931,31.6659984588623
58139,165,165,NA,NA,NA,70500,"CO",-104.96079,39.731747,411.151000976562,-7.22370004653931,31.6659984588623
58140,165,165,NA,NA,NA,70501,"CO",-104.9608,39.731655,411.151000976562,-7.22370004653931,31.6659984588623
58222,165,NA,NA,NA,NA,70599,"CO",-104.96391,39.731668,406.415985107422,-7.23769998550415,31.7288990020752
58223,165,NA,NA,NA,NA,70600,"CO",-104.96371,39.731661,406.415985107422,-7.23769998550415,31.7288990020752
58224,165,NA,NA,NA,NA,70601,"CO",-104.96396,39.731623,406.415985107422,-7.23769998550415,31.7288990020752
58305,166,NA,NA,NA,NA,70703,"CO",-106.36538,39.640033,566.080993652344,-15.2276992797852,25.2218990325928
58313,137,NA,NA,NA,NA,70785,"CO",-106.36688,39.640281,566.080993652344,-15.2276992797852,25.2218990325928
58349,159,NA,NA,NA,NA,70786,"CO",-106.36688,39.640278,566.080993652344,-15.2276992797852,25.2218990325928
58358,129,NA,NA,NA,NA,70784,"CO",-106.36688,39.640279,566.080993652344,-15.2276992797852,25.2218990325928
58368,121,NA,NA,NA,NA,70783,"CO",-106.36685,39.640267,566.080993652344,-15.2276992797852,25.2218990325928
58641,172,NA,NA,NA,NA,71134,"CO",-106.36546,39.639937,566.080993652344,-15.2276992797852,25.2218990325928
58929,179,NA,NA,NA,NA,71492,"CO",-104.96128,39.732096,411.151000976562,-7.22370004653931,31.6659984588623
58941,179,179,NA,NA,NA,71622,"CO",-104.99025,39.739236,391.059997558594,-7.33079957962036,32.0340003967285
58948,179,179,NA,NA,NA,71493,"CO",-104.96062,39.731657,411.151000976562,-7.22370004653931,31.6659984588623
58949,179,179,NA,NA,NA,71494,"CO",-104.96073,39.731683,411.151000976562,-7.22370004653931,31.6659984588623
58950,179,179,NA,NA,NA,71495,"CO",-104.96057,39.731725,411.151000976562,-7.22370004653931,31.6659984588623
58952,179,NA,NA,NA,NA,71497,"CO",-104.96069,39.731617,411.151000976562,-7.22370004653931,31.6659984588623
59058,179,179,NA,NA,NA,71620,"CO",-104.96366,39.731655,406.415985107422,-7.23769998550415,31.7288990020752
59059,179,179,NA,NA,NA,71621,"CO",-104.9632,39.732013,406.415985107422,-7.23769998550415,31.7288990020752
59060,179,179,NA,NA,NA,71623,"CO",-104.96384,39.731613,406.415985107422,-7.23769998550415,31.7288990020752
59354,186,NA,NA,NA,NA,71971,"CO",-106.36538,39.639949,566.080993652344,-15.2276992797852,25.2218990325928
59718,194,NA,NA,NA,NA,72399,"CO",-106.36529,39.639861,566.080993652344,-15.2276992797852,25.2218990325928
59978,202,NA,NA,NA,NA,72704,"CO",-106.3652,39.639978,566.080993652344,-15.2276992797852,25.2218990325928
60219,209,NA,NA,NA,NA,72975,"CO",-106.36527,39.639946,566.080993652344,-15.2276992797852,25.2218990325928
60349,214,214,214,NA,NA,73140,"CO",-104.99025,39.739236,391.059997558594,-7.33079957962036,32.0340003967285
60359,214,NA,NA,NA,NA,73136,"CO",-104.96074,39.731682,411.151000976562,-7.22370004653931,31.6659984588623
60360,214,214,NA,NA,NA,73137,"CO",-104.96055,39.731684,411.151000976562,-7.22370004653931,31.6659984588623
60361,214,NA,NA,NA,NA,73138,"CO",-104.96069,39.731636,411.151000976562,-7.22370004653931,31.6659984588623
60362,214,NA,214,NA,NA,73139,"CO",-104.96063,39.731727,411.151000976562,-7.22370004653931,31.6659984588623
60430,214,214,NA,NA,NA,73221,"CO",-104.96385,39.731527,406.415985107422,-7.23769998550415,31.7288990020752
60431,214,214,NA,NA,NA,73222,"CO",-104.96389,39.731612,406.415985107422,-7.23769998550415,31.7288990020752
60743,223,NA,NA,NA,NA,73557,"CO",-106.36538,39.639916,566.080993652344,-15.2276992797852,25.2218990325928
61100,237,NA,NA,NA,NA,73985,"CO",-106.3653,39.639896,566.080993652344,-15.2276992797852,25.2218990325928
61255,242,NA,242,NA,338,74163,"Colorado",-105.0302396,39.7896087,406.819000244141,-7.23819971084595,31.889799118042
61264,235,NA,235,NA,320,74172,"CO",-105.03237738629,39.790529546593,406.819000244141,-7.23819971084595,31.889799118042
61265,235,NA,235,NA,NA,74173,"CO",-105.03232374211,39.790546034437,406.819000244141,-7.23819971084595,31.889799118042
61462,244,NA,NA,NA,NA,80754,"CO",-106.36534,39.639926,566.080993652344,-15.2276992797852,25.2218990325928
61530,235,NA,235,NA,338,74479,"CO",-105.03232374211,39.790595497945,406.819000244141,-7.23819971084595,31.889799118042
62067,233,NA,NA,233,NA,75055,"CO",-105.03076,39.78821,406.819000244141,-7.23819971084595,31.889799118042
62291,265,NA,NA,NA,NA,75315,"CO",-104.96074,39.731702,411.151000976562,-7.22370004653931,31.6659984588623
62292,265,NA,NA,NA,NA,75316,"CO",-104.96069,39.73176,411.151000976562,-7.22370004653931,31.6659984588623
62293,265,NA,NA,NA,NA,75317,"CO",-104.96079,39.731676,411.151000976562,-7.22370004653931,31.6659984588623
62296,265,265,NA,NA,NA,75320,"CO",-104.96066,39.731602,411.151000976562,-7.22370004653931,31.6659984588623
62298,265,NA,NA,NA,NA,75326,"CO",-104.96128,39.732096,411.151000976562,-7.22370004653931,31.6659984588623
62492,269,NA,NA,NA,NA,75561,"CO",-105.3963,39.972053,557.468994140625,-7.44719982147217,25.8305988311768
62558,295,295,NA,NA,NA,76816,"Washington",-122.3456972,47.7559659,999.841979980469,2.39989995956421,23.4998989105225
63065,282,NA,NA,NA,282,76269,"CO",-105.39257,39.971928,559.872985839844,-7.8585000038147,25.1007995605469
63625,299,NA,NA,NA,NA,77042,"CO",-104.96004,39.731785,411.151000976562,-7.22370004653931,31.6659984588623
63730,299,NA,299,NA,NA,77065,"CO",-104.96089,39.731672,411.151000976562,-7.22370004653931,31.6659984588623
63798,299,NA,NA,NA,299,77143,"CO",-104.96269,39.733093,406.415985107422,-7.23769998550415,31.7288990020752
63799,299,NA,NA,NA,299,77144,"CO",-104.96403,39.731715,406.415985107422,-7.23769998550415,31.7288990020752
63800,299,NA,NA,NA,NA,77145,"CO",-104.96377,39.731681,406.415985107422,-7.23769998550415,31.7288990020752
63801,299,NA,NA,299,NA,77146,"CO",-104.96379,39.731743,406.415985107422,-7.23769998550415,31.7288990020752
63802,299,NA,NA,299,NA,77147,"CO",-104.96384,39.731617,406.415985107422,-7.23769998550415,31.7288990020752
63803,299,NA,NA,299,NA,77148,"CO",-104.96386,39.731625,406.415985107422,-7.23769998550415,31.7288990020752
64708,313,NA,NA,NA,NA,78177,"IN",-86.529041971213,39.18295761398,1238.47802734375,-6.02850008010864,29.6187000274658
64839,320,NA,NA,NA,320,78339,"CO",-105.03251666667,39.790566666667,406.819000244141,-7.23819971084595,31.889799118042
67364,99,NA,NA,NA,NA,81230,"CO",-106.3193,39.64777,639.967956542969,-15.0031995773315,24.1973991394043
69540,113,NA,NA,NA,NA,83626,"CO",-106.42621,39.626012,549.3349609375,-15.3262996673584,26.0641994476318
69541,114,NA,NA,NA,NA,83627,"CO",-106.4262,39.625994,549.3349609375,-15.3262996673584,26.0641994476318
69972,119,121,NA,NA,NA,84109,"CO",-106.59977,39.641363,397.486999511719,-14.7623996734619,28.171199798584
70116,122,122,NA,NA,NA,84263,"CO",-106.42863,39.625212,549.3349609375,-15.3262996673584,26.0641994476318
70138,124,NA,NA,NA,NA,84288,"CO",-106.31969,39.647689,639.967956542969,-15.0031995773315,24.1973991394043
70158,116,117,NA,NA,NA,84314,"CO",-106.41668,39.627223,557.711975097656,-15.2016000747681,25.7931995391846
70159,115,115,NA,NA,NA,84315,"CO",-106.41665,39.627164,557.711975097656,-15.2016000747681,25.7931995391846
70277,126,NA,NA,NA,NA,84450,"CO",-106.37775,39.642968,573.3349609375,-15.6756992340088,25.601900100708
70278,137,NA,NA,NA,NA,84451,"CO",-106.37808,39.643324,573.3349609375,-15.6756992340088,25.601900100708
70295,121,NA,NA,NA,NA,84469,"CO",-105.3939,39.970853,559.872985839844,-7.8585000038147,25.1007995605469
70680,128,137,NA,NA,NA,84876,"Colorado",-106.6181078,39.6176643,488.253997802734,-14.2915992736816,27.31369972229
70680,128,137,NA,NA,NA,85725,"Colorado",-106.6181078,39.6176643,488.253997802734,-14.2915992736816,27.31369972229
70778,128,NA,NA,NA,NA,85008,"IL",-87.712258,41.97475,992.597961425781,-7.47799968719482,27.870698928833
71106,129,NA,NA,NA,NA,85361,"CO",-105.2809,40.014872,510.077972412109,-7.04530000686646,31.3719997406006
71937,151,NA,NA,NA,NA,86279,"CO",-105.3932,39.97107,559.872985839844,-7.8585000038147,25.1007995605469
73865,247,NA,NA,NA,NA,88550,"CO",-105.39252,39.972078,559.872985839844,-7.8585000038147,25.1007995605469
74338,282,NA,NA,282,290,89641,"Alaska",-145.7343509,64.0400726,NA,NA,NA
74913,284,NA,284,NA,NA,89671,"CO",-105.07434,40.577068,391.827880859375,-9.28020000457764,30.5757999420166
74977,286,NA,NA,286,NA,89738,"CO",-105.39247,39.971958,559.872985839844,-7.8585000038147,25.1007995605469
74979,286,NA,286,NA,NA,89740,"CO",-105.39258,39.971588,559.872985839844,-7.8585000038147,25.1007995605469
75002,287,NA,287,NA,NA,89763,"CO",-105.1424,40.185461,362.805999755859,-8.8056001663208,31.937198638916
75014,288,288,NA,NA,NA,89775,"CO",-105.14444,40.184719,362.805999755859,-8.8056001663208,31.937198638916
75015,288,NA,NA,295,308,89776,"CO",-105.14444,40.18472,362.805999755859,-8.8056001663208,31.937198638916
75016,288,NA,288,NA,NA,89777,"CO",-105.14447,40.184405,362.805999755859,-8.8056001663208,31.937198638916
75017,288,NA,288,308,NA,89778,"CO",-105.14466,40.184459,362.805999755859,-8.8056001663208,31.937198638916
75018,288,288,NA,NA,NA,89779,"CO",-105.14382,40.183859,362.805999755859,-8.8056001663208,31.937198638916
75019,288,288,295,308,315,89780,"CO",-105.14384,40.183898,362.805999755859,-8.8056001663208,31.937198638916
75020,288,288,NA,NA,NA,89781,"CO",-105.14683,40.185284,364.632995605469,-8.87459945678711,31.9902992248535
75021,288,288,295,315,322,89782,"CO",-105.14689,40.185251,364.632995605469,-8.87459945678711,31.9902992248535
75022,288,NA,288,NA,NA,89783,"CO",-105.14954,40.18671,364.632995605469,-8.87459945678711,31.9902992248535
75023,288,NA,288,308,NA,89784,"CO",-105.14961,40.186701,364.632995605469,-8.87459945678711,31.9902992248535
75024,288,288,NA,NA,NA,89785,"CO",-105.15017,40.187545,365.920989990234,-8.8105001449585,31.9200000762939
75025,288,288,295,315,NA,89786,"CO",-105.15018,40.187519,365.920989990234,-8.8105001449585,31.9200000762939
75026,288,288,NA,NA,NA,89787,"CO",-105.14445,40.190603,363.074981689453,-8.77330017089844,31.9186000823975
75027,288,288,295,315,322,89788,"CO",-105.14435,40.190506,363.074981689453,-8.77330017089844,31.9186000823975
75028,288,288,NA,NA,NA,89789,"CO",-105.14177,40.191047,363.074981689453,-8.77330017089844,31.9186000823975
75029,288,288,295,322,NA,89790,"CO",-105.14185,40.191102,363.074981689453,-8.77330017089844,31.9186000823975
75030,288,NA,288,NA,NA,89791,"CO",-105.14055,40.187689,363.074981689453,-8.77330017089844,31.9186000823975
75031,288,NA,288,NA,NA,89792,"CO",-105.14048,40.187721,363.074981689453,-8.77330017089844,31.9186000823975
75032,288,NA,288,NA,NA,89793,"CO",-105.14231,40.185505,362.805999755859,-8.8056001663208,31.937198638916
75073,290,NA,290,NA,NA,89840,"CO",-105.07438,40.577042,391.827880859375,-9.28020000457764,30.5757999420166
75074,290,NA,290,304,310,89841,"CO",-105.08422,40.586756,388.071990966797,-9.2834997177124,30.5296001434326
75075,290,NA,290,NA,NA,89842,"CO",-105.07845,40.583967,387.947998046875,-9.2810001373291,30.5319995880127
75076,290,NA,290,304,310,89843,"CO",-105.09038,40.587183,393.360992431641,-9.20370006561279,30.5341987609863
75077,290,NA,290,297,304,89844,"CO",-105.09884,40.586971,402.651000976562,-9.14009952545166,30.503698348999
75078,290,NA,290,297,317,89845,"CO",-105.09507,40.587286,393.360992431641,-9.20370006561279,30.5341987609863
75079,290,290,NA,NA,NA,89846,"CO",-105.09931,40.584808,402.651000976562,-9.14009952545166,30.503698348999
75080,290,NA,290,297,317,89847,"CO",-105.09861,40.582912,402.651000976562,-9.14009952545166,30.503698348999
75081,290,NA,290,297,304,89848,"CO",-105.09193,40.582892,393.360992431641,-9.20370006561279,30.5341987609863
75082,290,NA,290,304,317,89849,"CO",-105.09116,40.583044,393.360992431641,-9.20370006561279,30.5341987609863
75083,290,NA,290,NA,NA,89850,"CO",-105.08602,40.584765,388.071990966797,-9.2834997177124,30.5296001434326
75084,290,NA,290,297,310,89851,"CO",-105.08982,40.583757,393.360992431641,-9.20370006561279,30.5341987609863
75085,290,NA,290,304,324,89852,"CO",-105.08799,40.583928,393.360992431641,-9.20370006561279,30.5341987609863
75086,290,NA,290,NA,NA,89853,"CO",-105.08683,40.592146,387.544982910156,-9.29669952392578,30.5268993377686
75087,290,NA,NA,290,NA,89854,"CO",-105.09281,40.590607,394.005889892578,-9.19110012054443,30.5304985046387
75088,290,NA,NA,290,NA,89855,"CO",-105.09277,40.590607,394.005889892578,-9.19110012054443,30.5304985046387
75089,290,NA,290,NA,NA,89856,"CO",-105.09288,40.590444,394.005889892578,-9.19110012054443,30.5304985046387
75090,290,NA,NA,290,NA,89857,"CO",-105.09239,40.589086,394.005889892578,-9.19110012054443,30.5304985046387
75091,290,NA,290,NA,NA,89858,"CO",-105.0941,40.588051,394.005889892578,-9.19110012054443,30.5304985046387
75092,290,NA,290,NA,NA,89859,"CO",-105.09356,40.588132,394.005889892578,-9.19110012054443,30.5304985046387
75093,290,NA,NA,290,NA,89860,"CO",-105.08413,40.586899,388.071990966797,-9.2834997177124,30.5296001434326
75094,290,NA,290,NA,NA,89861,"CO",-105.0882,40.583797,393.360992431641,-9.20370006561279,30.5341987609863
75095,290,NA,290,NA,NA,89862,"CO",-105.0899,40.583652,393.360992431641,-9.20370006561279,30.5341987609863
75096,290,NA,290,NA,NA,89863,"CO",-105.09188,40.583061,393.360992431641,-9.20370006561279,30.5341987609863
75170,287,NA,NA,NA,NA,89945,"CO",-105.39226,39.971063,559.872985839844,-7.8585000038147,25.1007995605469
75245,295,NA,NA,NA,NA,90026,"WA",-122.32806,47.728018,986.935974121094,2.30659985542297,23.7791996002197
75259,297,NA,NA,297,310,90048,"CO",-105.07434,40.577051,391.827880859375,-9.28020000457764,30.5757999420166
75260,297,NA,297,310,318,90049,"CO",-105.07849,40.583958,387.947998046875,-9.2810001373291,30.5319995880127
75261,297,NA,NA,297,310,90050,"CO",-105.08416,40.586824,388.071990966797,-9.2834997177124,30.5296001434326
75262,297,NA,297,318,NA,90051,"CO",-105.08678,40.592116,387.544982910156,-9.29669952392578,30.5268993377686
75263,297,NA,297,317,324,90052,"CO",-105.09922,40.584901,402.651000976562,-9.14009952545166,30.503698348999
75264,297,NA,NA,304,297,90053,"CO",-105.09283,40.59057,394.005889892578,-9.19110012054443,30.5304985046387
75265,297,NA,NA,297,310,90054,"CO",-105.09277,40.590623,394.005889892578,-9.19110012054443,30.5304985046387
75266,297,NA,297,310,318,90055,"CO",-105.09279,40.590403,394.005889892578,-9.19110012054443,30.5304985046387
75267,297,NA,NA,297,304,90056,"CO",-105.09244,40.589105,394.005889892578,-9.19110012054443,30.5304985046387
75268,297,NA,NA,297,310,90057,"CO",-105.094,40.58814,394.005889892578,-9.19110012054443,30.5304985046387
75269,297,NA,297,NA,NA,90058,"CO",-105.09356,40.588068,394.005889892578,-9.19110012054443,30.5304985046387
75270,297,NA,NA,297,318,90059,"CO",-105.09505,40.587353,393.360992431641,-9.20370006561279,30.5341987609863
75271,297,NA,NA,297,310,90060,"CO",-105.09027,40.587271,393.360992431641,-9.20370006561279,30.5341987609863
75272,297,NA,NA,297,304,90061,"CO",-105.08604,40.584768,388.071990966797,-9.2834997177124,30.5296001434326
75273,297,NA,297,310,318,90062,"CO",-105.0882,40.58385,393.360992431641,-9.20370006561279,30.5341987609863
75274,297,NA,297,304,310,90063,"CO",-105.0899,40.583615,393.360992431641,-9.20370006561279,30.5341987609863
75275,297,NA,NA,297,318,90064,"CO",-105.09109,40.583039,393.360992431641,-9.20370006561279,30.5341987609863
75276,297,NA,NA,297,310,90065,"CO",-105.09183,40.583045,393.360992431641,-9.20370006561279,30.5341987609863
75278,297,NA,297,304,310,90067,"CO",-105.09245,40.583154,393.360992431641,-9.20370006561279,30.5341987609863
75279,297,NA,NA,297,318,90068,"CO",-105.09876,40.583024,402.651000976562,-9.14009952545166,30.503698348999
75280,297,NA,297,318,NA,90069,"CO",-105.099,40.584818,402.651000976562,-9.14009952545166,30.503698348999
75327,302,NA,NA,NA,NA,90124,"WA",-122.32776,47.72791,986.935974121094,2.30659985542297,23.7791996002197
75748,305,NA,NA,NA,NA,90590,"WA",-122.32783,47.727856,986.935974121094,2.30659985542297,23.7791996002197
75830,309,NA,NA,317,NA,90689,"WA",-122.32803,47.728003,986.935974121094,2.30659985542297,23.7791996002197
